tree_id,tree_type,tree_lat,tree_lng,tree_notes,tree_add_date,tree_user_id,tree_private
13,Pears,33.74378,-84.33986,,02/17/11,98.88.255.85,0
14,Pears,33.74376,-84.33986,,02/17/11,98.88.255.85,0
18,Blueberries,33.74403,-84.33928,,02/17/11,98.88.255.85,0
19,Other,33.74379,-84.33984,Raspberries,02/17/11,98.88.255.85,0
20,Persimmon,33.74114,-84.33189,Japanese,02/17/11,98.88.255.85,0
21,Pomegranates,33.74114,-84.33179,,02/17/11,98.88.255.85,0
22,Figs,33.74118,-84.33168,,02/17/11,98.88.255.85,0
23,Pawpaw,33.74126,-84.33159,,02/17/11,98.88.255.85,0
24,Pawpaw,33.74125,-84.33152,,02/17/11,98.88.255.85,0
25,Pears,33.74121,-84.33146,,02/17/11,98.88.255.85,0
26,Quince,33.74116,-84.33144,,02/17/11,98.88.255.85,0
27,Pecans,33.74117,-84.33157,,02/17/11,98.88.255.85,0
28,Blueberries,33.74123,-84.33163,,02/17/11,98.88.255.85,0
29,Blueberries,33.74123,-84.33164,,02/17/11,98.88.255.85,0
30,Other,33.74119,-84.3314,Jujubee,02/17/11,98.88.255.85,0
31,Persimmon,33.74085,-84.33146,,02/17/11,98.88.255.85,0
34,Figs,33.75457,-84.32806,,02/17/11,98.88.255.85,0
35,Apples,33.7546,-84.32798,,02/17/11,98.88.255.85,0
36,Apples,33.75456,-84.32798,,02/17/11,98.88.255.85,0
37,Pomegranates,33.78241,-84.36339,,02/17/11,98.88.255.85,0
38,Pomegranates,33.78237,-84.36339,,02/17/11,98.88.255.85,0
39,Pawpaw,33.78235,-84.36329,,02/17/11,98.88.255.85,0
42,Figs,33.78237,-84.36334,,02/17/11,98.88.255.85,0
43,Apples,33.78241,-84.36328,,02/17/11,98.88.255.85,0
45,Pears,33.78242,-84.36331,,02/17/11,98.88.255.85,0
46,Other,33.78246,-84.36326,Kiwi,02/17/11,98.88.255.85,0
47,Crabapples,33.78095,-84.37185,,02/17/11,98.88.255.85,0
48,Crabapples,33.78094,-84.37185,,02/17/11,98.88.255.85,0
49,Pomegranates,33.78094,-84.37193,,02/17/11,98.88.255.85,0
50,Plums,33.78093,-84.37188,,02/17/11,98.88.255.85,0
51,Persimmon,33.78092,-84.37185,Fuyu,02/17/11,98.88.250.220,0
54,Plums,33.78091,-84.37188,,02/17/11,184.36.245.203,0
55,Apples,33.73757,-84.34712,,02/17/11,72.152.9.253,0
56,Pomegranates,33.7374,-84.34709,,02/17/11,72.152.9.253,0
57,Pawpaw,33.73744,-84.34715,,02/17/11,72.152.9.253,0
58,Pawpaw,33.73754,-84.34717,,02/17/11,72.152.9.253,0
59,Plums,33.73754,-84.34709,,02/17/11,72.152.9.253,0
60,Persimmon,33.73745,-84.34707,Fuyu,02/17/11,72.152.9.253,0
61,Plums,33.73311,-84.42135,,02/17/11,98.92.19.243,0
62,Plums,33.73312,-84.42143,,02/17/11,98.92.19.243,0
63,Plums,33.73317,-84.4215,,02/17/11,98.92.19.243,0
64,Pawpaw,33.73302,-84.42139,,02/17/11,98.92.19.243,0
65,Pawpaw,33.73304,-84.42145,,02/17/11,98.92.19.243,0
66,Pawpaw,33.73302,-84.42143,,02/17/11,98.92.19.243,0
67,Pawpaw,33.73299,-84.42139,,02/17/11,98.92.19.243,0
68,Plums,33.73316,-84.42148,,02/17/11,98.92.19.243,0
69,Other,33.73276,-84.4214,Walnut,02/17/11,98.92.19.243,0
119,Apples,33.76942,-84.3405,,02/17/11,98.92.19.243,0
120,Apples,33.76938,-84.34052,,02/17/11,98.92.19.243,0
122,Serviceberries,33.73146,-84.37349,,02/17/11,98.92.19.243,0
123,Serviceberries,33.73131,-84.37348,,02/17/11,98.92.19.243,0
124,Pears,33.73151,-84.37339,,02/17/11,98.92.19.243,0
125,Persimmon,33.73141,-84.3734,Japanese,02/17/11,98.92.19.243,0
126,Persimmon,33.73137,-84.3734,Japanese,02/17/11,98.92.19.243,0
127,Persimmon,33.73155,-84.37346,native,02/17/11,98.92.19.243,0
128,Figs,33.73146,-84.37329,,02/17/11,98.92.19.243,0
129,Figs,33.73146,-84.37329,,02/17/11,98.92.19.243,0
130,Pomegranates,33.73142,-84.37328,,02/17/11,98.92.19.243,0
131,Pawpaw,33.73144,-84.3733,,02/17/11,98.92.19.243,0
132,Pawpaw,33.73143,-84.3733,paw-paw,02/17/11,98.92.19.243,0
133,Pawpaw,33.73143,-84.3733,paw-paw,02/17/11,98.92.19.243,0
134,Blueberries,33.73143,-84.37333,,02/17/11,98.92.19.243,0
135,Other,33.7314,-84.37343,herbs,02/17/11,98.92.19.243,0
136,Other,33.73138,-84.37343,herbs,02/17/11,98.92.19.243,0
138,Serviceberries,33.74637,-84.33981,,02/18/11,98.92.19.243,0
139,Serviceberries,33.7464,-84.33984,,02/18/11,98.92.19.243,0
140,Serviceberries,33.74645,-84.33981,,02/18/11,98.92.19.243,0
141,Serviceberries,33.74648,-84.33985,,02/18/11,98.92.19.243,0
142,Serviceberries,33.74652,-84.33982,,02/18/11,98.92.19.243,0
143,Serviceberries,33.74654,-84.33986,,02/18/11,98.92.19.243,0
145,Serviceberries,33.74719,-84.33986,,02/18/11,98.92.19.243,0
146,Serviceberries,33.74717,-84.33981,,02/18/11,98.92.19.243,0
148,Plums,33.75171,-84.35941,,02/18/11,98.92.19.243,0
152,Other,33.7517,-84.35516,jujubee,02/18/11,98.92.19.243,0
153,Other,33.7501,-84.35453,loquat,02/18/11,98.92.19.243,0
154,Pecans,33.75028,-84.35579,,02/18/11,98.92.19.243,0
155,Persimmon,33.74292,-84.34802,Fuyu,03/07/11,72.152.7.188,0
156,Persimmon,33.74291,-84.34796,Fuyu,03/07/11,72.152.7.188,0
157,Plums,33.74288,-84.34799,Santa Rosa,03/07/11,72.152.7.188,0
158,Pomegranates,33.74292,-84.34799,,03/07/11,72.152.7.188,0
160,Pawpaw,33.73944,-84.37284,Pawpaw,03/27/11,98.192.38.181,0
167,Serviceberries,33.7689,-84.35425,,03/27/11,98.192.38.181,0
168,Serviceberries,33.76893,-84.35418,,03/27/11,98.192.38.181,0
169,Serviceberries,33.76859,-84.35721,,03/27/11,98.192.38.181,0
170,Serviceberries,33.77054,-84.35844,,03/27/11,98.192.38.181,0
171,Serviceberries,33.77082,-84.35869,,03/27/11,98.192.38.181,0
174,Serviceberries,33.77352,-84.35973,,03/27/11,98.192.38.181,0
175,Serviceberries,33.77353,-84.35975,,03/27/11,98.192.38.181,0
186,Serviceberries,33.76514,-84.35486,,03/27/11,98.192.38.181,0
187,Serviceberries,33.76506,-84.3549,,03/27/11,98.192.38.181,0
201,Pomegranates,33.74226,-84.43428,,04/04/11,98.92.19.98,0
202,Pawpaw,33.74209,-84.43431,mango,04/04/11,98.92.19.98,0
203,Pawpaw,33.74213,-84.43431,rebecca\'s gold,04/04/11,98.92.19.98,0
204,Plums,33.7423,-84.43425,,04/04/11,98.92.19.98,0
205,Persimmon,33.74224,-84.4342,jap,04/04/11,98.92.19.98,0
206,Plums,33.74225,-84.43434,,04/04/11,98.92.19.98,0
207,Other,33.74228,-84.43438,Hazelnuts,04/04/11,98.92.19.98,0
208,Plums,33.74205,-84.43419,chickasaw plums,04/04/11,98.92.19.98,0
209,Quince,33.74848,-84.37365,,04/04/11,98.92.19.98,0
210,Quince,33.74849,-84.37327,,04/04/11,98.92.19.98,0
211,Pawpaw,33.74748,-84.37469,,04/04/11,98.92.19.98,0
212,Pawpaw,33.74754,-84.37468,,04/04/11,98.92.19.98,0
213,Serviceberries,33.74732,-84.37448,,04/04/11,98.92.19.98,0
214,Serviceberries,33.74836,-84.37257,,04/04/11,98.92.19.98,0
215,Serviceberries,33.7484,-84.37257,,04/04/11,98.92.19.98,0
216,Pawpaw,33.74749,-84.37461,,04/04/11,98.92.19.98,0
217,Plums,33.75173,-84.35931,,04/04/11,98.92.19.98,0
218,Other,33.74379,-84.33987,Oregano,04/04/11,98.92.19.98,0
219,Other,33.74394,-84.33986,Rosemary,04/04/11,98.92.19.98,0
220,Other,33.74291,-84.34777,Hazelnuts,04/04/11,98.92.19.98,0
221,Serviceberries,33.75256,-84.36196,2 trees here,04/10/11,98.219.8.57,0
222,Serviceberries,33.75258,-84.36193,2 trees here,04/10/11,98.219.8.57,0
223,Persimmon,33.75507,-84.3385,,04/25/11,72.152.7.53,0
225,Pears,33.75532,-84.33833,,04/25/11,72.152.7.53,0
239,Other,33.73864,-84.34464,Kiwi,04/29/11,98.92.20.58,0
240,Blueberries,33.73868,-84.34464,,04/29/11,98.92.20.58,0
241,Blueberries,33.73873,-84.34464,,04/29/11,98.92.20.58,0
242,Blueberries,33.73873,-84.34464,,04/29/11,98.92.20.58,0
243,Blueberries,33.73861,-84.34464,,04/29/11,98.92.20.58,0
244,Other,33.73867,-84.34463,Raspberries,04/29/11,98.92.20.58,0
245,Mulberries,33.76566,-84.354,,04/30/11,98.92.20.58,0
252,Mulberries,33.76281,-84.31955,,05/02/11,98.219.8.57,0
258,Serviceberries,33.76859,-84.3573,,05/08/11,98.219.8.57,0
259,Serviceberries,33.76859,-84.3573,,05/08/11,98.219.8.57,0
260,Mulberries,33.762,-84.34868,,05/08/11,98.219.8.57,0
264,Serviceberries,33.76749,-84.36781,,05/08/11,98.219.8.57,0
265,Serviceberries,33.76747,-84.36781,,05/08/11,98.219.8.57,0
266,Serviceberries,33.76746,-84.36781,,05/08/11,98.219.8.57,0
268,Mulberries,33.73517,-84.36536,,05/10/11,174.49.119.196,0
269,Mulberries,33.73568,-84.36621,,05/10/11,174.49.119.196,0
270,Mulberries,33.77497,-84.35322,,05/11/11,98.219.8.57,0
271,Mulberries,33.77448,-84.35335,White Mulberry,05/11/11,98.219.8.57,0
272,Cherries,33.7601,-84.35792,"Labeled as \""flowering cherries\""",05/11/11,98.219.8.57,0
273,Serviceberries,33.8052,-84.23889,"Three trees, two actively fruiting in May",05/12/11,140.194.193.108,0
286,Serviceberries,33.76445,-84.32335,,05/15/11,98.92.227.148,0
287,Mulberries,33.76192,-84.31914,,05/15/11,98.92.227.148,0
288,Pecans,33.75354,-84.32664,,05/15/11,98.92.227.148,0
289,Muscadines,33.77368,-84.33569,,05/15/11,98.92.227.148,0
290,Muscadines,33.77348,-84.33572,,05/15/11,98.92.227.148,0
291,Blueberries,33.88288,-84.43953,trails on top of ridge at East Palisades,05/15/11,98.92.227.148,0
292,Persimmon,33.76951,-84.29641,not sure if this one fruits...,05/15/11,98.92.227.148,0
295,Serviceberries,33.76061,-84.31104,,05/16/11,98.92.227.148,0
298,Muscadines,33.76015,-84.32997,,05/16/11,98.219.8.57,0
299,Mulberries,33.75535,-84.34951,,05/18/11,98.219.8.57,0
303,Serviceberries,33.74931,-84.36421,,05/20/11,98.219.8.57,0
305,Mulberries,33.74918,-84.36458,,05/20/11,98.219.8.57,0
310,Serviceberries,33.75252,-84.35934,,05/20/11,98.219.8.57,0
311,Peaches,33.75016,-84.35829,Peaches overhanging fence,05/20/11,98.219.8.57,0
315,Serviceberries,33.77007,-84.35064,,05/24/11,98.219.8.57,0
318,Peaches,33.76315,-84.36693,,05/24/11,98.219.8.57,0
320,Peaches,33.76448,-84.3364,,05/26/11,98.219.8.57,0
321,Peaches,33.75214,-84.37118,,05/30/11,98.219.8.57,0
351,Persimmon,33.8114,-84.4026,"this persimmon is schedule to be CUT by the city, so pick away this year!",06/17/11,74.2.230.250,0
352,Pears,33.7637,-84.29209,,06/17/11,74.2.230.250,0
353,Blueberries,33.76171,-84.32704,tree is in right of way,06/18/11,98.92.20.3,0
355,Peaches,33.74037,-84.31377,,06/29/11,72.152.7.157,0
356,Blackberries,33.7662,-84.27533,,07/05/11,170.140.105.1,0
364,Persimmon,33.79085,-84.38038,2 native persimmon trees,07/30/11,184.252.140.124,0
366,Figs,33.78567,-84.41601,Possibly the biggest fig in atlanta but lots of no trespassing sigbs so get permission ,07/30/11,184.210.217.39,0
373,Crabapples,33.7729,-84.29695,A few crabapple trees in the little shade tree area across from Chic-fil-a,07/31/11,98.92.63.44,0
375,Figs,33.75633,-84.35518,verified ,08/13/11,68.242.136.9,0
376,Pears,33.67588,-84.11638,,08/15/11,74.176.33.86,0
377,Peaches,33.66673,-84.12504,,08/15/11,74.176.33.86,0
385,Blackberries,33.77646,-84.40653,Notes,09/16/11,166.248.66.111,0
387,Serviceberries,33.78788,-84.37108,inside dog park,09/18/11,24.99.29.172,0
388,Serviceberries,33.788,-84.37107,inside dog park,09/18/11,24.99.29.172,0
389,Serviceberries,33.78819,-84.37105,inside dog park,09/18/11,24.99.29.172,0
391,Persimmon,33.80152,-84.32073,native persimmon - tall and spindly and difficult to pick,10/22/11,66.87.105.142,0
392,Muscadines,33.82658,-84.3545,Apparently large muscadine/scuppernong vine in parking lot of 50 lenox pointe,11/28/11,98.219.8.57,0
393,Persimmon,33.9249,-84.18417,Native persimmon on shoulder of onramp,11/28/11,98.219.8.57,0
394,Persimmon,33.93051,-84.17292,Native persimmon on shoulder of offramp,11/28/11,98.219.8.57,0
395,Persimmon,33.9305,-84.17307,Native persimmon on shoulder of offramp,11/28/11,98.219.8.57,0
405,Elderberries,33.7331,-84.4215,,01/26/12,98.92.18.75,0
406,Figs,33.73461,-84.42164,,01/26/12,98.92.18.75,0
407,Figs,33.73464,-84.42159,,01/26/12,98.92.18.75,0
408,Figs,33.73462,-84.42154,,01/26/12,98.92.18.75,0
409,Pecans,33.79095,-84.32426,Several large trees in the quad,02/07/12,98.219.8.57,0
410,Mulberries,33.77549,-84.30382,Rumors of delicious mulberries around here,02/19/12,98.219.8.57,0
411,Other,33.74365,-84.33983,Jujube,02/21/12,208.54.87.197,0
420,Other,33.73896,-84.34405,Jujubee,03/15/12,208.54.44.211,0
421,Other,33.70606,-84.42412,loquats,03/18/12,98.92.18.5,0
422,Other,33.70608,-84.42433,pineapple guava,03/18/12,98.92.18.5,0
425,Quince,33.70606,-84.42427,,03/18/12,98.92.18.5,0
426,Pawpaw,33.70606,-84.42418,,03/18/12,98.92.18.5,0
427,Persimmon,33.70556,-84.42442,,03/18/12,98.92.18.5,0
428,Other,33.70548,-84.42438,jujube,03/18/12,98.92.18.5,0
429,Other,33.70552,-84.42443,jujube,03/18/12,98.92.18.5,0
430,Apples,33.7055,-84.4243,,03/19/12,72.152.107.127,0
431,Apples,33.69927,-84.10827,multi-stem,03/19/12,72.152.107.127,0
436,Pears,33.67595,-84.11643,,03/21/12,72.152.2.73,0
437,Pears,33.6758,-84.11627,,03/21/12,72.152.2.73,0
438,Persimmon,33.68306,-84.11487,,03/21/12,72.152.2.73,0
440,Persimmon,33.66838,-84.11989,,03/21/12,72.152.2.73,0
444,Quince,33.70605,-84.42421,,03/21/12,72.152.2.73,0
445,Figs,33.70555,-84.42466,,03/21/12,72.152.2.73,0
446,Pecans,33.70557,-84.42406,,03/21/12,72.152.2.73,0
447,Pecans,33.70572,-84.42407,,03/21/12,72.152.2.73,0
448,Blackberries,33.70548,-84.42425,,03/21/12,72.152.2.73,0
449,Blackberries,33.70548,-84.42442,,03/21/12,72.152.2.73,0
450,Flying Dragon,33.70551,-84.42416,,03/21/12,72.152.2.73,0
451,Other,33.73752,-84.34726,Loquat,04/01/12,63.170.23.3,0
452,Cherries,33.73759,-84.34701,,04/01/12,63.170.23.3,0
454,Raspberries,33.73899,-84.34401,,04/01/12,63.170.23.3,0
457,Pawpaw,33.7824,-84.36344,,04/04/12,98.219.8.57,0
458,Pawpaw,33.78238,-84.36344,,04/04/12,98.219.8.57,0
459,Pawpaw,33.78237,-84.36344,,04/04/12,98.219.8.57,0
461,Mulberries,33.75186,-84.33036,"verified, large tree",04/05/12,66.87.110.11,0
471,Mulberries,33.77646,-84.34767,,04/22/12,50.13.203.42,0
472,Mulberries,33.75613,-84.3531,,04/23/12,98.219.8.57,0
473,Mulberries,33.75584,-84.37934,,04/24/12,98.219.8.57,0
474,Mulberries,33.75057,-84.3376,verified 2012. large tree w decent low hanging branches,04/25/12,66.87.110.134,0
475,Mulberries,33.74937,-84.33326,verified 2012. large tree w decent low hanging branches,04/25/12,66.87.107.210,0
476,Mulberries,33.74027,-84.37309,good sized.,04/25/12,166.248.99.202,0
483,Pawpaw,33.73792,-84.37248,,04/26/12,98.219.8.57,0
491,Other,33.70588,-84.42444,Dog Head Farms!,04/27/12,98.219.8.57,0
498,Serviceberries,33.79108,-84.37163,verified,05/03/12,66.87.111.174,0
499,Serviceberries,33.79105,-84.37167,verified,05/03/12,66.87.111.174,0
500,Serviceberries,33.79107,-84.37165,verified,05/03/12,66.87.111.174,0
501,Serviceberries,33.79105,-84.37177,verified,05/03/12,66.87.111.174,0
502,Serviceberries,33.79108,-84.37172,verified,05/03/12,66.87.111.174,0
542,Apples,33.76485,-84.31169,verified 2012,05/13/12,66.87.109.112,0
552,Serviceberries,33.78746,-84.32483,,05/22/12,98.219.8.57,0
553,Serviceberries,33.76353,-84.34072,,05/24/12,98.219.8.57,0
554,Serviceberries,33.76355,-84.34066,,05/24/12,98.219.8.57,0
555,Serviceberries,33.76357,-84.34058,,05/24/12,98.219.8.57,0
556,Serviceberries,33.7635,-84.34097,,05/24/12,98.219.8.57,0
557,Figs,33.73139,-84.37353,Fruit garden,05/25/12,74.176.54.175,0
558,Other,33.7314,-84.37347,Elderberry,05/25/12,74.176.54.175,0
559,Pears,33.73141,-84.37358,,05/25/12,74.176.54.175,0
560,Persimmon,33.7315,-84.37357,,05/25/12,74.176.54.175,0
561,Persimmon,33.73133,-84.37356,,05/25/12,74.176.54.175,0
579,Mulberries,33.77372,-84.37282,,06/03/12,24.30.52.208,0
580,Serviceberries,33.77665,-84.36317,,06/06/12,98.219.8.57,0
581,Serviceberries,33.77666,-84.36326,,06/06/12,98.219.8.57,0
582,Serviceberries,33.77665,-84.36336,,06/06/12,98.219.8.57,0
583,Serviceberries,33.77664,-84.36347,,06/06/12,98.219.8.57,0
584,Serviceberries,33.78228,-84.35945,,06/07/12,98.219.8.57,0
585,Serviceberries,33.78239,-84.35946,,06/07/12,98.219.8.57,0
586,Serviceberries,33.78244,-84.35933,,06/08/12,98.219.8.57,0
587,Serviceberries,33.78233,-84.35931,,06/08/12,98.219.8.57,0
588,Serviceberries,33.78254,-84.35934,,06/08/12,98.219.8.57,0
589,Serviceberries,33.78265,-84.35935,,06/08/12,98.219.8.57,0
593,Blueberries,33.77184,-84.32237,,06/20/12,98.219.8.57,0
594,Blueberries,33.77185,-84.32239,,06/20/12,98.219.8.57,0
595,Blueberries,33.77185,-84.32241,,06/20/12,98.219.8.57,0
596,Blueberries,33.77185,-84.32243,,06/20/12,98.219.8.57,0
597,Blueberries,33.77185,-84.32245,,06/20/12,98.219.8.57,0
598,Blueberries,33.77232,-84.31793,,06/20/12,98.219.8.57,0
599,Blueberries,33.77231,-84.31798,,06/20/12,98.219.8.57,0
600,Blueberries,33.77259,-84.3184,,06/20/12,98.219.8.57,0
601,Blueberries,33.77254,-84.31832,,06/20/12,98.219.8.57,0
602,Blueberries,33.77252,-84.31831,,06/20/12,98.219.8.57,0
603,Blueberries,33.77251,-84.31829,,06/20/12,98.219.8.57,0
604,Blueberries,33.7725,-84.31828,,06/20/12,98.219.8.57,0
605,Blueberries,33.77253,-84.3183,,06/20/12,98.219.8.57,0
614,Peaches,33.77911,-84.37122,,07/27/12,98.219.8.211,0
615,Mulberries,33.74987,-84.38142,,07/30/12,74.92.194.145,0
616,Mulberries,33.75739,-84.35391,,07/30/12,74.92.194.145,0
617,Figs,33.75312,-84.33324,,08/02/12,50.10.104.248,0
618,Figs,33.68466,-84.11355,,08/02/12,50.10.104.248,0
619,Pears,33.68467,-84.11348,,08/02/12,50.10.104.248,0
620,Pears,33.68454,-84.11346,,08/02/12,50.10.104.248,0
621,Other,33.66753,-84.13859,black walnut,08/02/12,50.10.104.248,0
622,Persimmon,33.66767,-84.13864,,08/02/12,50.10.104.248,0
623,Pecans,33.741751,-84.383583,giant tree in empty lot,08/06/12,66.87.108.224,0
624,Peaches,33.74211,-84.384295,two trees overhanging sidewalk. ripe in early Aug 2012,08/06/12,66.87.108.224,0
625,Figs,37.38127,-122.02591,Notes,08/10/12,99.92.89.6,0
626,Serviceberries,33.87968,-84.45288,Many potential trees along onramp. Unconfirmed.,08/14/12,98.219.8.211,0
627,Muscadines,33.79515,-84.40769,Notes,08/16/12,70.193.129.77,0
628,Persimmon,33.88665,-84.22495,Native persimmon overhanging the sidewalk ,08/22/12,66.87.111.48,0
631,Apples,42.39136,21.73575,Dardhat,09/20/12,80.218.14.13,0
633,Blackberries,33.73124,-84.3566,,09/25/12,50.13.220.67,0
634,Pecans,33.73135,-84.35201,,09/25/12,50.13.220.67,0
635,Pecans,33.73142,-84.35201,,09/28/12,50.13.220.67,0
637,Other,-82.14574,42.29291,very fruitful mango tree,10/28/12,50.13.220.67,0
638,Apples,-72.25645,95.37266,mango tree,10/28/12,50.13.220.67,0
639,Apples,33.78642,-84.30204,123,11/05/12,200.54.96.2,0
640,Apples,33.78514,-84.29912,123,11/05/12,200.54.96.2,0
641,Plums,33.73101,-84.35504,,11/07/12,50.13.220.67,0
642,Plums,33.73108,-84.35474,,11/07/12,50.13.220.67,0
643,Persimmon,33.94457,-84.33191,Dunwoody Library,11/07/12,99.101.70.81,0
644,Persimmon,33.93602,-84.15473,Native persimmon,11/17/12,98.219.8.211,0
645,Crabapples,33.82894,-84.09408,uiu,11/19/12,180.151.37.83,0
646,Apples,33.754584,-84.32792,,11/25/12,66.87.109.102,0
647,Apples,33.754552,-84.327919,,11/25/12,66.87.109.102,0
648,Figs,33.75458,-84.327986,,11/25/12,66.87.109.102,0
649,Flying Dragon,33.74732,-84.3744,,12/09/12,50.13.220.67,0
650,Other,-81.12039,-115.66406,large fruitful mango tree ,12/09/12,50.13.220.67,0
651,Flying Dragon,33.72798,-84.35565,full patch,12/16/12,50.13.220.67,0
652,Flying Dragon,33.72809,-84.35509,full patch,12/16/12,50.13.220.67,0
653,Flying Dragon,33.72798,-84.35474,full patch,12/16/12,50.13.220.67,0
654,Other,33.72919,-84.35955,oregon grape root,12/16/12,50.13.220.67,0
655,Figs,33.74046,-84.33958,empty lot fig!,01/13/13,72.152.101.105,0
656,Pears,33.618794,-84.393011,rumors of large pear trees around here (from Doghead Randy),01/28/13,66.87.111.176,0
657,Apples,33.77507,-84.44127,Notes,01/30/13,23.31.134.113,0
658,Apples,33.77513,-84.44125,Notes,01/30/13,23.31.134.113,0
659,Blackberries,33.77516,-84.44108,Notes,01/30/13,23.31.134.113,0
660,Blackberries,33.77514,-84.44098,Notes,01/30/13,23.31.134.113,0
661,Blackberries,33.77494,-84.44089,Notes,01/30/13,23.31.134.113,0
662,Blueberries,33.7751,-84.44118,Notes,01/30/13,23.31.134.113,0
663,Peaches,33.77501,-84.4404,Notes,01/30/13,23.31.134.113,0
664,Peaches,33.77511,-84.44045,Notes,01/30/13,23.31.134.113,0
665,Peaches,33.77511,-84.44029,Notes,01/30/13,23.31.134.113,0
666,Pears,33.77483,-84.44049,Notes,01/30/13,23.31.134.113,0
667,Pears,33.77484,-84.4407,Notes,01/30/13,23.31.134.113,0
668,Raspberries,33.77512,-84.44088,Notes,01/30/13,23.31.134.113,0
669,Other,33.77505,-84.44102,Grove Park Community Garden,01/30/13,23.31.134.113,0
670,Serviceberries,33.74389,-84.33994,planted 2013 -- Added by ,02/10/13,50.10.104.248,0
671,Serviceberries,33.74394,-84.33994,planted 2013 -- Added by ,02/10/13,50.10.104.248,0
672,Serviceberries,33.74398,-84.33994,planted 2013 -- Added by ,02/10/13,50.10.104.248,0
673,Serviceberries,33.74401,-84.33994,planted 2013 -- Added by ,02/10/13,50.10.104.248,0
674,Serviceberries,33.74406,-84.33994,planted 2013 -- Added by ,02/10/13,50.10.104.248,0
675,Serviceberries,33.74406,-84.33998,planted 2013 -- Added by ,02/10/13,50.10.104.248,0
676,Serviceberries,33.74407,-84.34003,planted 2013 -- Added by ,02/10/13,50.10.104.248,0
677,Serviceberries,33.74408,-84.34009,planted 2013 -- Added by ,02/10/13,50.10.104.248,0
679,Serviceberries,33.74408,-84.34019,planted 2013 -- Added by ,02/10/13,50.10.104.248,0
680,Serviceberries,33.74415,-84.33845,planted 2013 -- Added by ,02/10/13,50.10.104.248,0
681,Serviceberries,33.74415,-84.33852,planted 2013 -- Added by ,02/10/13,50.10.104.248,0
682,Serviceberries,33.74415,-84.33859,planted 2013 -- Added by ,02/10/13,50.10.104.248,0
683,Serviceberries,33.74399,-84.33827,planted 2013 -- Added by ,02/10/13,50.10.104.248,0
684,Serviceberries,33.74392,-84.33827,planted 2013 -- Added by ,02/10/13,50.10.104.248,0
685,Serviceberries,33.74385,-84.33827,planted 2013 -- Added by ,02/10/13,50.10.104.248,0
686,Blackberries,33.74379,-84.3398,planted 2011 -- Added by ,02/10/13,50.10.104.248,0
691,Pomegranates,33.74354,-84.33996,"few years old, kinda beat up next to street, nice spring buds -- Added by Robby",02/20/13,50.10.104.248,0
692,Pomegranates,33.74358,-84.33996,"few years old, kinda beat up next to street, nice spring buds -- Added by Robby",02/20/13,50.10.104.248,0
693,Pomegranates,33.74362,-84.33996,"few years old, kinda beat up next to street, nice spring buds -- Added by Robby",02/20/13,50.10.104.248,0
694,Other,33.73994,-84.34477,Pineapple guav -- Added by alfi 2012,03/10/13,50.10.104.248,0
695,Other,33.74607,-84.33109,Crim High Orchard -- Added by alfi 2012,03/10/13,50.10.104.248,0
696,Other,33.75137,-84.35497,Lang Carson Orchard -- Added by alfi 2012,03/10/13,50.10.104.248,0
697,Other,33.7305,-84.43495,Outdoor Activity Center Orchard -- Added by alfi 2012,03/10/13,50.10.104.248,0
698,Other,33.76835,-84.27988,Global Growers Orchard -- Added by alfi 2012,03/10/13,50.10.104.248,0
699,Other,33.73338,-84.40429,Welch St Park Orchard -- Added by alfi 2012,03/10/13,50.10.104.248,0
700,Pears,33.8421,-84.51777,some gigantic pear tree near here -- Added by ,03/10/13,98.219.8.211,0
701,Serviceberries,33.75088,-84.3737,new 2013 -- Added by robby,03/10/13,24.99.252.65,0
702,Serviceberries,33.75103,-84.37374,new 2013 -- Added by robby,03/10/13,24.99.252.65,0
703,Serviceberries,33.75124,-84.37379,new 2013 -- Added by robby,03/10/13,24.99.252.65,0
704,Serviceberries,33.75144,-84.37385,new 2013 -- Added by robby,03/10/13,24.99.252.65,0
705,Serviceberries,33.75079,-84.37367,new 2013 -- Added by robby,03/10/13,24.99.252.65,0
706,Other,33.73882,-84.34403,pineapple guav-2013 -- Added by robby,03/10/13,24.99.252.65,0
707,Other,33.73883,-84.34398,pineapple guav-2013 -- Added by robby,03/10/13,24.99.252.65,0
708,Other,33.73886,-84.34394,pineapple guav-2013 -- Added by robby,03/10/13,24.99.252.65,0
709,Apples,33.73855,-84.34466,"planted 2012, early season -- Added by robby",03/10/13,24.99.252.65,0
710,Apples,33.73857,-84.34461,"planted 2012, early season -- Added by robby",03/10/13,24.99.252.65,0
711,Apples,33.73859,-84.34457,"planted 2012, early season -- Added by robby",03/10/13,24.99.252.65,0
712,Pomegranates,33.73855,-84.34457,planted 2013 -- Added by robby,03/10/13,24.99.252.65,0
713,Pomegranates,33.73853,-84.34462,planted 2013 -- Added by robby,03/10/13,24.99.252.65,0
714,Pawpaw,33.7388,-84.34458,planted 2013 -- Added by robby,03/10/13,24.99.252.65,0
715,Pawpaw,33.73882,-84.34452,planted 2013 -- Added by robby,03/10/13,24.99.252.65,0
716,Kiwi,33.73894,-84.34421,planted 2013 -- Added by robby,03/10/13,24.99.252.65,0
717,Kiwi,33.73897,-84.34414,planted 2013 -- Added by robby,03/10/13,24.99.252.65,0
718,Plums,33.7415,-84.34697,planted 2013 -- Added by robby,03/12/13,50.10.104.248,0
719,Plums,33.74149,-84.34701,planted 2013 -- Added by robby,03/12/13,50.10.104.248,0
720,Pomegranates,33.74155,-84.34703,planted 2013 -- Added by robby,03/12/13,50.10.104.248,0
721,Crabapples,33.74173,-84.34719,planted 2013 -- Added by robby,03/12/13,50.10.104.248,0
722,Crabapples,33.74169,-84.34715,planted 2013 -- Added by robby,03/12/13,50.10.104.248,0
723,Mulberries,33.73966,-84.34409, -- Added by robby,03/12/13,50.10.104.248,0
724,Mulberries,33.80292,-84.34015,across from the bus lot right beside Helen road -- Added by mariettamcm@hotmail.com,03/21/13,157.166.175.129,0
725,Other,33.74394,-84.33602,DeKalb Memorial Park Orchard -- Added by Robby 2012,03/21/13,24.99.252.65,0
726,Other,33.74433,-84.32954,DeKalb Memorial Park Orchard -- Added by Robby 2012,03/21/13,24.99.252.65,0
727,Plums,33.74279,-84.32938,DeKalb Memorial Park Orchard -- Added by Robby 2012,03/21/13,24.99.252.65,0
728,Plums,33.74283,-84.32939,DeKalb Memorial Park Orchard -- Added by Robby 2012,03/21/13,24.99.252.65,0
729,Plums,33.74287,-84.3294,DeKalb Memorial Park Orchard -- Added by Robby 2012,03/21/13,24.99.252.65,0
730,Plums,33.7429,-84.32941,DeKalb Memorial Park Orchard -- Added by Robby 2012,03/21/13,24.99.252.65,0
731,Plums,33.74288,-84.32938,DeKalb Memorial Park Orchard -- Added by Robby 2012,03/21/13,24.99.252.65,0
732,Plums,33.74285,-84.32937,DeKalb Memorial Park Orchard -- Added by Robby 2012,03/21/13,24.99.252.65,0
733,Pears,33.7429,-84.32935,DeKalb Memorial Park Orchard -- Added by Robby 2012,03/21/13,24.99.252.65,0
734,Pears,33.74285,-84.32934,DeKalb Memorial Park Orchard -- Added by Robby 2012,03/21/13,24.99.252.65,0
735,Pears,33.74281,-84.32934,DeKalb Memorial Park Orchard -- Added by Robby 2012,03/21/13,24.99.252.65,0
736,Pears,33.74295,-84.32937,DeKalb Memorial Park Orchard -- Added by Robby 2012,03/21/13,24.99.252.65,0
737,Apples,33.74292,-84.32943,DeKalb Memorial Park Orchard -- Added by Robby 2012,03/21/13,24.99.252.65,0
738,Apples,33.74289,-84.32943,DeKalb Memorial Park Orchard -- Added by Robby 2012,03/21/13,24.99.252.65,0
739,Apples,33.74285,-84.32943,DeKalb Memorial Park Orchard -- Added by Robby 2012,03/21/13,24.99.252.65,0
740,Apples,33.74283,-84.32941,DeKalb Memorial Park Orchard -- Added by Robby 2012,03/21/13,24.99.252.65,0
741,Apples,33.7428,-84.32943,DeKalb Memorial Park Orchard -- Added by Robby 2012,03/21/13,24.99.252.65,0
742,Figs,33.74274,-84.32939,DeKalb Memorial Park Orchard -- Added by Robby 2012,03/21/13,24.99.252.65,0
743,Pawpaw,33.74276,-84.32935,DeKalb Memorial Park Orchard -- Added by Robby 2012,03/21/13,24.99.252.65,0
749,Serviceberries,33.77402,-84.39348,Appears to be a few years old -- Added by craig,04/09/13,99.110.186.93,0
750,Serviceberries,33.77402,-84.39352,Appears to be a few years old -- Added by craig,04/09/13,99.110.186.93,0
751,Serviceberries,33.77404,-84.39357,Appears to be a few years old -- Added by craig,04/09/13,99.110.186.93,0
752,Serviceberries,33.7741,-84.39363,Appears to be a few years old -- Added by craig,04/09/13,99.110.186.93,0
753,Serviceberries,33.77414,-84.39364,Appears to be a few years old -- Added by craig,04/09/13,99.110.186.93,0
754,Serviceberries,33.77417,-84.39365,Appears to be a few years old -- Added by craig,04/09/13,99.110.186.93,0
755,Serviceberries,33.77419,-84.39366,Appears to be a few years old -- Added by craig,04/09/13,99.110.186.93,0
756,Serviceberries,33.77421,-84.39366,Appears to be a few years old -- Added by craig,04/09/13,99.110.186.93,0
757,Serviceberries,33.77424,-84.39366,Appears to be a few years old -- Added by craig,04/09/13,99.110.186.93,0
758,Serviceberries,33.77427,-84.39367,Appears to be a few years old -- Added by craig,04/09/13,99.110.186.93,0
759,Serviceberries,33.7743,-84.39367,Appears to be a few years old -- Added by craig,04/09/13,99.110.186.93,0
760,Serviceberries,33.77432,-84.39368,Appears to be a few years old -- Added by craig,04/09/13,99.110.186.93,0
761,Serviceberries,33.77411,-84.39359,Appears to be a few years old -- Added by craig,04/09/13,99.110.186.93,0
762,Serviceberries,33.77411,-84.39354,Appears to be a few years old -- Added by craig,04/09/13,99.110.186.93,0
763,Serviceberries,33.77415,-84.39355,Appears to be a few years old -- Added by craig,04/09/13,99.110.186.93,0
764,Serviceberries,33.77415,-84.3936,Appears to be a few years old -- Added by craig,04/09/13,99.110.186.93,0
765,Serviceberries,33.77419,-84.39355,Appears to be a few years old -- Added by craig,04/09/13,99.110.186.93,0
766,Serviceberries,33.7742,-84.39361,Appears to be a few years old -- Added by craig,04/09/13,99.110.186.93,0
767,Serviceberries,33.77423,-84.39357,Appears to be a few years old -- Added by craig,04/09/13,99.110.186.93,0
768,Serviceberries,33.77425,-84.39362,Appears to be a few years old -- Added by craig,04/09/13,99.110.186.93,0
769,Serviceberries,33.88843,-84.03481,very large likely serviceberry. unknown fruit quality -- Added by craig,04/18/13,99.110.186.93,0
770,Serviceberries,33.88841,-84.03489,very large likely serviceberry. unknown fruit quality -- Added by craig,04/18/13,99.110.186.93,0
771,Serviceberries,33.88844,-84.03495,very large likely serviceberry. unknown fruit quality -- Added by craig,04/18/13,99.110.186.93,0
772,Serviceberries,33.88842,-84.03526,very large likely serviceberry. unknown fruit quality -- Added by craig,04/18/13,99.110.186.93,0
773,Serviceberries,33.88841,-84.0352,very large likely serviceberry. unknown fruit quality -- Added by craig,04/18/13,99.110.186.93,0
774,Serviceberries,33.88833,-84.03516,very large likely serviceberry. unknown fruit quality -- Added by craig,04/18/13,99.110.186.93,0
775,Serviceberries,33.8883,-84.03519,very large likely serviceberry. unknown fruit quality -- Added by craig,04/18/13,99.110.186.93,0
776,Serviceberries,33.88824,-84.03517,very large likely serviceberry. unknown fruit quality -- Added by craig,04/18/13,99.110.186.93,0
777,Serviceberries,33.88825,-84.03527,very large likely serviceberry. unknown fruit quality -- Added by craig,04/18/13,99.110.186.93,0
778,Serviceberries,33.88822,-84.03523,very large likely serviceberry. unknown fruit quality -- Added by craig,04/18/13,99.110.186.93,0
779,Serviceberries,33.88817,-84.0372,very large likely serviceberry. unknown fruit quality -- Added by craig,04/18/13,99.110.186.93,0
780,Serviceberries,33.88817,-84.03726,very large likely serviceberry. unknown fruit quality -- Added by craig,04/18/13,99.110.186.93,0
781,Serviceberries,33.88812,-84.03717,very large likely serviceberry. unknown fruit quality -- Added by craig,04/18/13,99.110.186.93,0
782,Serviceberries,33.88813,-84.03723,very large likely serviceberry. unknown fruit quality -- Added by craig,04/18/13,99.110.186.93,0
783,Serviceberries,33.88813,-84.03727,very large likely serviceberry. unknown fruit quality -- Added by craig,04/18/13,99.110.186.93,0
784,Serviceberries,33.88808,-84.03709,very large likely serviceberry. unknown fruit quality -- Added by craig,04/18/13,99.110.186.93,0
785,Serviceberries,33.88808,-84.03716,very large likely serviceberry. unknown fruit quality -- Added by craig,04/18/13,99.110.186.93,0
786,Serviceberries,33.88808,-84.03722,very large likely serviceberry. unknown fruit quality -- Added by craig,04/18/13,99.110.186.93,0
787,Serviceberries,33.8881,-84.03728,very large likely serviceberry. unknown fruit quality -- Added by craig,04/18/13,99.110.186.93,0
788,Serviceberries,33.88804,-84.0373,very large likely serviceberry. unknown fruit quality -- Added by craig,04/18/13,99.110.186.93,0
789,Serviceberries,33.88804,-84.03723,very large likely serviceberry. unknown fruit quality -- Added by craig,04/18/13,99.110.186.93,0
790,Serviceberries,33.88803,-84.03716,very large likely serviceberry. unknown fruit quality -- Added by craig,04/18/13,99.110.186.93,0
791,Serviceberries,33.88803,-84.03709,very large likely serviceberry. unknown fruit quality -- Added by craig,04/18/13,99.110.186.93,0
792,Serviceberries,33.88801,-84.03703,very large likely serviceberry. unknown fruit quality -- Added by craig,04/18/13,99.110.186.93,0
793,Serviceberries,33.888,-84.0373,very large likely serviceberry. unknown fruit quality -- Added by craig,04/18/13,99.110.186.93,0
794,Serviceberries,33.888,-84.03722,very large likely serviceberry. unknown fruit quality -- Added by craig,04/18/13,99.110.186.93,0
795,Serviceberries,33.88798,-84.03716,very large likely serviceberry. unknown fruit quality -- Added by craig,04/18/13,99.110.186.93,0
796,Serviceberries,33.88798,-84.03708,very large likely serviceberry. unknown fruit quality -- Added by craig,04/18/13,99.110.186.93,0
797,Serviceberries,33.88795,-84.03703,very large likely serviceberry. unknown fruit quality -- Added by craig,04/18/13,99.110.186.93,0
798,Serviceberries,33.88797,-84.03726,very large likely serviceberry. unknown fruit quality -- Added by craig,04/18/13,99.110.186.93,0
799,Serviceberries,33.88795,-84.0373,very large likely serviceberry. unknown fruit quality -- Added by craig,04/18/13,99.110.186.93,0
800,Serviceberries,33.88795,-84.0372,very large likely serviceberry. unknown fruit quality -- Added by craig,04/18/13,99.110.186.93,0
801,Serviceberries,33.88794,-84.03714,very large likely serviceberry. unknown fruit quality -- Added by craig,04/18/13,99.110.186.93,0
802,Serviceberries,33.88792,-84.03709,very large likely serviceberry. unknown fruit quality -- Added by craig,04/18/13,99.110.186.93,0
803,Serviceberries,33.88788,-84.03703,very large likely serviceberry. unknown fruit quality -- Added by craig,04/18/13,99.110.186.93,0
804,Serviceberries,33.8879,-84.0373,very large likely serviceberry. unknown fruit quality -- Added by craig,04/18/13,99.110.186.93,0
805,Serviceberries,33.88792,-84.03724,very large likely serviceberry. unknown fruit quality -- Added by craig,04/18/13,99.110.186.93,0
806,Serviceberries,33.8879,-84.03719,very large likely serviceberry. unknown fruit quality -- Added by craig,04/18/13,99.110.186.93,0
807,Serviceberries,33.88786,-84.03712,very large likely serviceberry. unknown fruit quality -- Added by craig,04/18/13,99.110.186.93,0
808,Serviceberries,33.88783,-84.03706,very large likely serviceberry. unknown fruit quality -- Added by craig,04/18/13,99.110.186.93,0
809,Serviceberries,33.88778,-84.03712,very large likely serviceberry. unknown fruit quality -- Added by craig,04/18/13,99.110.186.93,0
810,Serviceberries,33.88786,-84.03728,very large likely serviceberry. unknown fruit quality -- Added by craig,04/18/13,99.110.186.93,0
811,Serviceberries,33.88786,-84.03722,very large likely serviceberry. unknown fruit quality -- Added by craig,04/18/13,99.110.186.93,0
812,Serviceberries,33.88784,-84.03716,very large likely serviceberry. unknown fruit quality -- Added by craig,04/18/13,99.110.186.93,0
813,Serviceberries,33.88776,-84.03717,very large likely serviceberry. unknown fruit quality -- Added by craig,04/18/13,99.110.186.93,0
814,Serviceberries,33.8878,-84.0372,very large likely serviceberry. unknown fruit quality -- Added by craig,04/18/13,99.110.186.93,0
815,Serviceberries,33.88782,-84.03724,very large likely serviceberry. unknown fruit quality -- Added by craig,04/18/13,99.110.186.93,0
816,Mulberries,33.75048,-84.31478,"Don\'t remember exactly where, but there\'s a mulberry tree on the south side of Hosea Williams, near the creek. I think it\'s public. -- Added by ",04/20/13,24.99.197.127,0
817,Apples,33.961736,-84.175601,possibly several apples along this frontage -- Added by ,04/22/13,66.87.107.109,0
818,Mulberries,33.8073,-84.40095, -- Added by ,04/30/13,184.77.18.251,0
819,Peaches,33.74459,-84.33544, -- Added by Kyle Booth,04/30/13,50.13.220.67,0
820,Mulberries,33.75211,-84.3571,Large in size. Mature and fruit bearing. -- Added by ,04/30/13,184.77.18.251,0
821,Mulberries,33.75162,-84.35703,Large in size. Mature and fruit bearing. -- Added by ,04/30/13,184.77.18.251,0
822,Serviceberries,33.788503,-84.326262, -- Added by ,05/06/13,66.87.107.237,0
823,Serviceberries,33.87953,-84.45269,On the right side of the on-ramp -- Added by craig,05/12/13,50.10.64.130,0
824,Serviceberries,33.87951,-84.45269,On the right side of the on-ramp -- Added by craig,05/12/13,50.10.64.130,0
825,Serviceberries,33.87952,-84.45266,On the right side of the on-ramp -- Added by craig,05/12/13,50.10.64.130,0
826,Serviceberries,33.8795,-84.45266,On the right side of the on-ramp -- Added by craig,05/12/13,50.10.64.130,0
827,Serviceberries,33.8795,-84.45263,On the right side of the on-ramp -- Added by craig,05/12/13,50.10.64.130,0
828,Serviceberries,33.87948,-84.45264,On the right side of the on-ramp -- Added by craig,05/12/13,50.10.64.130,0
829,Serviceberries,33.87948,-84.45262,On the right side of the on-ramp -- Added by craig,05/12/13,50.10.64.130,0
830,Serviceberries,33.87946,-84.45262,On the right side of the on-ramp -- Added by craig,05/12/13,50.10.64.130,0
831,Serviceberries,33.87947,-84.45258,On the right side of the on-ramp -- Added by craig,05/12/13,50.10.64.130,0
832,Serviceberries,33.87946,-84.4526,On the right side of the on-ramp -- Added by craig,05/12/13,50.10.64.130,0
833,Serviceberries,33.87945,-84.45257,On the right side of the on-ramp -- Added by craig,05/12/13,50.10.64.130,0
834,Serviceberries,33.87944,-84.45258,On the right side of the on-ramp -- Added by craig,05/12/13,50.10.64.130,0
835,Serviceberries,33.87944,-84.45255,On the right side of the on-ramp -- Added by craig,05/12/13,50.10.64.130,0
836,Serviceberries,33.87942,-84.45256,On the right side of the on-ramp -- Added by craig,05/12/13,50.10.64.130,0
837,Serviceberries,33.87942,-84.45254,On the right side of the on-ramp -- Added by craig,05/12/13,50.10.64.130,0
838,Serviceberries,33.8794,-84.45255,On the right side of the on-ramp -- Added by craig,05/12/13,50.10.64.130,0
839,Serviceberries,33.8794,-84.45252,On the right side of the on-ramp -- Added by craig,05/12/13,50.10.64.130,0
840,Serviceberries,33.87913,-84.45225,On the right side of the on-ramp -- Added by craig,05/12/13,50.10.64.130,0
841,Serviceberries,33.87911,-84.45225,On the right side of the on-ramp -- Added by craig,05/12/13,50.10.64.130,0
842,Serviceberries,33.87912,-84.45221,On the right side of the on-ramp -- Added by craig,05/12/13,50.10.64.130,0
843,Serviceberries,33.87909,-84.45222,On the right side of the on-ramp -- Added by craig,05/12/13,50.10.64.130,0
844,Serviceberries,33.87908,-84.45219,On the right side of the on-ramp -- Added by craig,05/12/13,50.10.64.130,0
845,Serviceberries,33.87906,-84.4522,On the right side of the on-ramp -- Added by craig,05/12/13,50.10.64.130,0
846,Serviceberries,33.87906,-84.45216,On the right side of the on-ramp -- Added by craig,05/12/13,50.10.64.130,0
847,Serviceberries,33.87904,-84.45218,On the right side of the on-ramp -- Added by craig,05/12/13,50.10.64.130,0
848,Serviceberries,33.87905,-84.45214,On the right side of the on-ramp -- Added by craig,05/12/13,50.10.64.130,0
849,Serviceberries,33.87902,-84.45215,On the right side of the on-ramp -- Added by craig,05/12/13,50.10.64.130,0
850,Serviceberries,33.87903,-84.45211,On the right side of the on-ramp -- Added by craig,05/12/13,50.10.64.130,0
851,Serviceberries,33.879,-84.45213,On the right side of the on-ramp -- Added by craig,05/12/13,50.10.64.130,0
852,Serviceberries,33.879,-84.45209,On the right side of the on-ramp -- Added by craig,05/12/13,50.10.64.130,0
853,Serviceberries,33.87899,-84.4521,On the right side of the on-ramp -- Added by craig,05/12/13,50.10.64.130,0
854,Serviceberries,33.87899,-84.45207,On the right side of the on-ramp -- Added by craig,05/12/13,50.10.64.130,0
855,Serviceberries,33.87898,-84.45208,On the right side of the on-ramp -- Added by craig,05/12/13,50.10.64.130,0
856,Serviceberries,33.87897,-84.45205,On the right side of the on-ramp -- Added by craig,05/12/13,50.10.64.130,0
857,Serviceberries,33.764292,-84.322778, -- Added by ,05/19/13,76.111.61.195,0
858,Serviceberries,33.775544,-84.400324, -- Added by ,05/19/13,66.87.108.77,0
859,Serviceberries,33.773158,-84.396275, -- Added by ,05/19/13,66.87.106.180,0
860,Serviceberries,33.773156,-84.396261, -- Added by ,05/19/13,66.87.106.180,0
861,Serviceberries,33.773139,-84.396267, -- Added by ,05/19/13,66.87.106.180,0
862,Serviceberries,33.773145,-84.396256, -- Added by ,05/19/13,66.87.106.180,0
863,Serviceberries,33.775821,-84.392825, -- Added by ,05/19/13,66.87.108.197,0
864,Serviceberries,33.775824,-84.392848, -- Added by ,05/19/13,66.87.108.197,0
865,Serviceberries,33.775819,-84.392813, -- Added by ,05/19/13,66.87.108.197,0
866,Serviceberries,33.77703,-84.39725, -- Added by craig,05/19/13,76.111.61.195,0
867,Serviceberries,33.77703,-84.39723, -- Added by craig,05/19/13,76.111.61.195,0
868,Serviceberries,33.77703,-84.39721, -- Added by craig,05/19/13,76.111.61.195,0
869,Serviceberries,33.77695,-84.39716, -- Added by craig,05/19/13,76.111.61.195,0
870,Serviceberries,33.77695,-84.3972, -- Added by craig,05/19/13,76.111.61.195,0
871,Serviceberries,33.77694,-84.39718, -- Added by craig,05/19/13,76.111.61.195,0
872,Serviceberries,33.77694,-84.39714, -- Added by craig,05/19/13,76.111.61.195,0
873,Serviceberries,33.77777,-84.40025, -- Added by craig,05/19/13,76.111.61.195,0
876,Serviceberries,33.76958,-84.35064,Big and big berries in 2013 -- Added by Craig,05/25/13,76.111.61.195,0
877,Serviceberries,33.74706,-84.36679,Look to have been planted in 2013 -- Added by Craig,05/25/13,76.111.61.195,0
878,Serviceberries,33.74702,-84.36679,Look to have been planted in 2013 -- Added by Craig,05/25/13,76.111.61.195,0
879,Serviceberries,33.74698,-84.36679,Look to have been planted in 2013 -- Added by Craig,05/25/13,76.111.61.195,0
880,Serviceberries,33.74694,-84.36679,Look to have been planted in 2013 -- Added by Craig,05/25/13,76.111.61.195,0
881,Serviceberries,33.74691,-84.36679,Look to have been planted in 2013 -- Added by Craig,05/25/13,76.111.61.195,0
882,Serviceberries,33.74688,-84.36679,Look to have been planted in 2013 -- Added by Craig,05/25/13,76.111.61.195,0
883,Serviceberries,33.74796,-84.36676,Look to have been planted in 2013 -- Added by Craig,05/25/13,76.111.61.195,0
884,Serviceberries,33.74793,-84.36676,Look to have been planted in 2013 -- Added by Craig,05/25/13,76.111.61.195,0
885,Serviceberries,33.74791,-84.36676,Look to have been planted in 2013 -- Added by Craig,05/25/13,76.111.61.195,0
886,Serviceberries,33.74788,-84.36676,Look to have been planted in 2013 -- Added by Craig,05/25/13,76.111.61.195,0
887,Serviceberries,33.74784,-84.36676,Look to have been planted in 2013 -- Added by Craig,05/25/13,76.111.61.195,0
888,Serviceberries,33.74782,-84.36676,Look to have been planted in 2013 -- Added by Craig,05/25/13,76.111.61.195,0
889,Serviceberries,33.74779,-84.36676,Look to have been planted in 2013 -- Added by Craig,05/25/13,76.111.61.195,0
890,Serviceberries,33.74777,-84.36676,Look to have been planted in 2013 -- Added by Craig,05/25/13,76.111.61.195,0
892,Serviceberries,33.88669,-84.30765,Plenty in 2013 -- Added by Craig,05/30/13,76.111.61.195,0
893,Peaches,33.74913,-84.3286, -- Added by ,06/01/13,97.82.186.140,0
894,Blackberries,33.74929,-84.3289, -- Added by ,06/01/13,97.82.186.140,0
895,Blueberries,33.74911,-84.32861, -- Added by ,06/01/13,97.82.186.140,0
896,Blueberries,33.74931,-84.32879, -- Added by ,06/01/13,97.82.186.140,0
897,Pomegranates,33.7491,-84.32859, -- Added by ,06/01/13,97.82.186.140,0
898,Mulberries,33.74917,-84.32828, -- Added by ,06/01/13,97.82.186.140,0
899,Plums,33.74917,-84.32865, -- Added by ,06/01/13,97.82.186.140,0
900,Raspberries,33.74931,-84.32888, -- Added by ,06/01/13,97.82.186.140,0
901,Serviceberries,33.768742,-84.334112, -- Added by ,06/02/13,66.87.104.118,0
902,Serviceberries,33.768725,-84.334111, -- Added by ,06/02/13,66.87.104.118,0
903,Serviceberries,33.768695,-84.334112, -- Added by ,06/02/13,66.87.104.118,0
904,Mulberries,33.74086,-84.34453, -- Added by ,06/03/13,50.10.73.34,0
905,Ginkgo,33.74057,-84.34443, -- Added by ,06/03/13,50.10.73.34,0
906,Serviceberries,33.76486,-84.26612,Found in 2013. Short but big -- Added by craig,06/21/13,76.111.61.195,0
907,Serviceberries,33.76486,-84.26606,Found in 2013. Short but big -- Added by craig,06/21/13,76.111.61.195,0
908,Serviceberries,33.76486,-84.266,Found in 2013. Short but big -- Added by craig,06/21/13,76.111.61.195,0
909,Serviceberries,33.79885,-84.39377,Smallish tree on right side of road near intersection -- Added by ,06/25/13,76.111.61.195,0
910,Other,33.77838,-84.3529,Rosemary -- Added by Free rosemary bushes right in front of Diesel bar and a few steps away in front of Ace Hardware,06/27/13,192.136.16.3,0
911,Apples,33.76225,-84.32709,295 Matthews. In right of way -- Added by Steven@WoodysCheeseStesks.com,06/29/13,208.54.64.160,0
912,Peaches,33.7546,-84.38804,2 -- Added by hadi@peachdish.com,07/04/13,108.86.108.244,0
913,Figs,33.8246,-84.38102,2 -- Added by hadi@peachdish.com,07/04/13,108.86.108.244,0
914,Peaches,33.78492,-84.36455,2 -- Added by hadi@peachdish.com,07/04/13,108.86.108.244,0
934,Serviceberries,33.771488,-84.391136, -- Added by ,07/22/13,76.111.61.195,0
935,Serviceberries,33.771469,-84.391147, -- Added by ,07/22/13,76.111.61.195,0
936,Serviceberries,33.771474,-84.391123, -- Added by ,07/22/13,76.111.61.195,0
937,Serviceberries,33.792116,-84.368417,small little guy -- Added by ,07/23/13,66.87.109.148,0
938,Serviceberries,33.790644,-84.368104,large tree -- Added by ,07/23/13,66.87.109.148,0
939,Serviceberries,33.790631,-84.368213,full size -- Added by ,07/23/13,66.87.109.148,0
940,Serviceberries,33.790607,-84.368263,full size -- Added by ,07/23/13,66.87.109.148,0
941,Serviceberries,33.79058,-84.368301,full size -- Added by ,07/23/13,66.87.109.148,0
942,Serviceberries,33.790559,-84.368335,full size -- Added by ,07/23/13,66.87.109.148,0
943,Serviceberries,33.790466,-84.368402,full size -- Added by ,07/23/13,66.87.109.148,0
944,Serviceberries,33.792794,-84.072004, -- Added by ,07/23/13,66.87.109.148,0
945,Figs,33.758129,-84.363603, -- Added by ,07/25/13,66.87.111.37,0
946,Peaches,33.758173,-84.363739,maybe? -- Added by ,07/25/13,66.87.111.37,0
948,Blackberries,33.67256,-84.43628,  looks like a ton of blackberries -- Added by ,08/21/13,70.193.138.66,0
949,Flying Dragon,33.759024,-84.331555,in front of 200 Arizona -- Added by ,09/17/13,66.87.148.243,0
950,Serviceberries,33.769508,-84.34842,large tree. found Oct 2013 -- Added by ,09/29/13,66.87.111.181,0
951,Pecans,33.769275,-84.348195,smaller tree. found Oct 2013 -- Added by ,09/29/13,66.87.111.181,0
952,Mulberries,33.765,-84.33664, -- Added by ,12/13/13,173.160.92.10,0
953,Serviceberries,33.76498,-84.3395,Planted in 2014. 5' tall. -- Added by Craig,05/13/14,50.167.165.164,0
954,Serviceberries,33.76587,-84.33949,Planted in 2014. 5' tall. -- Added by Craig,05/13/14,50.167.165.164,0
955,Serviceberries,33.7654,-84.3395,Planted in 2014. 5' tall. -- Added by Craig,05/13/14,50.167.165.164,0
956,Serviceberries,33.76565,-84.33948,Planted in 2014. 5' tall. -- Added by Craig,05/13/14,50.167.165.164,0
957,Serviceberries,33.76575,-84.33948,Planted in 2014. 5' tall. -- Added by Craig,05/13/14,50.167.165.164,0
958,Serviceberries,33.76584,-84.33948,Planted in 2014. 5' tall. -- Added by Craig,05/13/14,50.167.165.164,0
959,Serviceberries,33.76558,-84.33948,Planted in 2014. 5' tall. -- Added by Craig,05/13/14,50.167.165.164,0
960,Serviceberries,33.76551,-84.33949,Planted in 2014. 5' tall. -- Added by Craig,05/13/14,50.167.165.164,0
961,Serviceberries,33.76532,-84.3395,Planted in 2014. 5' tall. -- Added by Craig,05/13/14,50.167.165.164,0
962,Serviceberries,33.76523,-84.33949,Planted in 2014. 5' tall. -- Added by Craig,05/13/14,50.167.165.164,0
963,Serviceberries,33.76515,-84.33949,Planted in 2014. 5' tall. -- Added by Craig,05/13/14,50.167.165.164,0
964,Serviceberries,33.76508,-84.3395,Planted in 2014. 5' tall. -- Added by Craig,05/13/14,50.167.165.164,0
965,Serviceberries,33.76791,-84.3654,Large but hard to get to -- Added by Craig,05/13/14,50.167.165.164,0
966,Serviceberries,33.76841,-84.36528,"Spindly and small, but early fruiting -- Added by Craig",05/13/14,50.167.165.164,0
967,Serviceberries,33.76843,-84.36528,"Spindly and small, but early fruiting -- Added by Craig",05/13/14,50.167.165.164,0
968,Serviceberries,33.76854,-84.3653,"Spindly and small, but early fruiting -- Added by Craig",05/13/14,50.167.165.164,0
969,Serviceberries,33.76864,-84.36521,"Spindly and small, but early fruiting -- Added by Craig",05/13/14,50.167.165.164,0
970,Serviceberries,33.76865,-84.36524,"Spindly and small, but early fruiting -- Added by Craig",05/13/14,50.167.165.164,0
971,Serviceberries,33.76556,-84.36431,"Spindly and small, but early fruiting -- Added by Craig",05/13/14,50.167.165.164,0
972,Serviceberries,33.76557,-84.36432,"Spindly and small, but early fruiting -- Added by Craig",05/13/14,50.167.165.164,0
973,Serviceberries,33.75898,-84.39257,Large trees that fruit a week before anything else -- Added by Craig,05/13/14,50.167.165.164,0
974,Serviceberries,33.75898,-84.39268,Large trees that fruit a week before anything else -- Added by Craig,05/13/14,50.167.165.164,0
975,Serviceberries,33.75926,-84.39228,Large trees that fruit a week before anything else -- Added by Craig,05/13/14,50.167.165.164,0
976,Serviceberries,33.75924,-84.39227,Large trees that fruit a week before anything else -- Added by Craig,05/13/14,50.167.165.164,0
977,Serviceberries,33.75922,-84.39227,Large trees that fruit a week before anything else -- Added by Craig,05/13/14,50.167.165.164,0
978,Serviceberries,33.75934,-84.39231,Large trees that fruit a week before anything else -- Added by Craig,05/13/14,50.167.165.164,0
979,Serviceberries,33.75937,-84.39228,Large trees that fruit a week before anything else -- Added by Craig,05/13/14,50.167.165.164,0
980,Serviceberries,33.99938,-85.05195,Large tree -- Added by Craig,05/13/14,50.167.165.164,0
981,Serviceberries,33.9994,-85.05191,Large tree -- Added by Craig,05/13/14,50.167.165.164,0
982,Serviceberries,34.0009,-85.05341,Large tree -- Added by Craig,05/13/14,50.167.165.164,0
983,Serviceberries,34.00101,-85.0535,Large tree -- Added by Craig,05/13/14,50.167.165.164,0
984,Serviceberries,34.00649,-85.05756,A few more around here... -- Added by Craig,05/13/14,50.167.165.164,0
985,Serviceberries,34.00651,-85.0577,A few more around here... -- Added by Craig,05/13/14,50.167.165.164,0
986,Mulberries,33.79374,-84.27625,Mulberry overhangs sidewalk -- Added by stacie.boschma@gmail.com,05/20/14,38.110.37.248,0
987,Elderberries,33.79372,-84.27635,Elder is mixed into the foliage along the embankment -- Added by stacie.boschma@gmail.com,05/20/14,38.110.37.248,0
988,Mulberries,33.78586,-84.388, -- Added by ,05/23/14,167.121.4.36,0
989,Mulberries,33.78566,-84.38312, -- Added by ,05/23/14,167.121.4.35,0
990,Mulberries,33.78161,-84.38244, -- Added by ,05/23/14,167.121.4.35,0
991,Mulberries,33.77616,-84.38134, -- Added by ,05/23/14,167.121.4.35,0
992,Mulberries,33.78603,-84.37072,Down the Beltline trail a short ways - several trees on the lefthand side of the trail. -- Added by Grant McFerrin - gjmcferrin@gmail.com,05/27/14,66.249.88.12,0
993,Mulberries,33.78644,-84.38605,White mulberries - corner of the parking lot -- Added by ,05/27/14,66.249.88.12,0
994,Raspberries,33.77274,-84.2611,Bushes growing along the fence at Avondale Elementary. -- Added by Jenn Purdy 404-964-1319,05/29/14,71.204.84.134,0
995,Serviceberries,33.76408,-84.34354, -- Added by ,06/02/14,70.193.139.63,0
996,Mulberries,33.8037,-84.42145,On the left hand side of the road as you head NW -- Added by ,06/05/14,204.77.244.242,0
997,Mulberries,33.80484,-84.42274,On the right hand side of the road as you head NW -- Added by ,06/05/14,204.77.244.242,0
998,Mulberries,33.76144,-84.27297, -- Added by jbaker232@gmail.com,06/09/14,76.97.69.190,0
999,Mulberries,33.75766,-84.3656, -- Added by webbeh@gmail.com,06/14/14,24.99.57.248,0
1000,Persimmon,33.769559,-84.347075,native -- Added by ,06/15/14,66.87.148.79,0
1001,Mulberries,33.75121,-84.36541, -- Added by ,06/18/14,70.43.136.194,0
1002,Mulberries,33.75084,-84.36762, -- Added by ,06/18/14,70.43.136.194,0
1003,Mulberries,33.80761,-84.40172,10+ mature trees -- Added by kenan.crawford.hill@gmail.com,07/18/14,50.203.252.110,0
1004,Pears,33.76602,-84.368,Huge! -- Added by Craig,08/06/14,24.99.63.68,0
1012,Apples,33.74385,-84.33931,,02/17/11,98.88.255.85,1
1013,Cherries,33.74383,-84.33929,,02/17/11,98.88.255.85,1
1014,Pawpaw,33.74378,-84.3393,,02/17/11,98.88.255.85,1
1015,Blueberries,33.74382,-84.33928,,02/17/11,98.88.255.85,1
1016,Other,33.7438,-84.33926,Raspberries,02/17/11,98.88.255.85,1
1017,Quince,33.74395,-84.33929,,02/17/11,98.88.255.85,1
1018,Figs,33.74398,-84.33931,dwarf fig,02/17/11,98.88.255.85,1
1019,Pawpaw,33.74086,-84.33147,,02/17/11,98.88.255.85,1
1020,Apples,33.7375,-84.34715,,02/17/11,72.152.9.253,1
1021,Other,33.7314,-84.37343,herbs,02/17/11,98.92.19.243,1
1022,Serviceberries,33.75249,-84.35917,princess diana,02/18/11,98.92.19.243,1
1023,Serviceberries,33.75249,-84.35923,princess diana,02/18/11,98.92.19.243,1
1024,Apples,33.75043,-84.3583,,04/04/11,98.92.19.98,1
1025,Apples,33.75053,-84.35832,,04/04/11,98.92.19.98,1
1026,Serviceberries,33.75248,-84.35924,Princess Dianna,04/04/11,98.92.19.98,1
1027,Serviceberries,33.7525,-84.35943,Princess Dianna,04/04/11,98.92.19.98,1
1028,Peaches,33.7637,-84.3116,,04/27/11,98.219.8.57,1
1029,Blueberries,33.73863,-84.34462,,04/29/11,98.92.20.58,1
1030,Figs,33.77115,-84.35757,,05/08/11,98.219.8.57,1
1031,Figs,33.75915,-84.31085,,05/08/11,98.219.8.57,1
1032,Other,33.76792,-84.34718,"Loquat, ripe in Mid May",05/13/11,98.219.8.57,1
1033,Mulberries,33.76272,-84.31963,,05/15/11,98.92.227.148,1
1034,Muscadines,33.75615,-84.31564,,05/15/11,98.92.227.148,1
1035,Other,33.77534,-84.32916,Black Walnut,05/15/11,98.92.227.148,1
1036,Prickly Pear,33.76079,-84.31095,owner gladly lets you pick the fruit in late summer/early fall,05/15/11,98.92.227.148,1
1037,Pears,33.75249,-84.33922,,05/18/11,98.219.8.57,1
1038,Peaches,33.75091,-84.35189,,05/18/11,98.219.8.57,1
1039,Cherries,33.75025,-84.36291,Maybe?,05/20/11,98.219.8.57,1
1040,Peaches,33.75022,-84.36025,,05/20/11,98.219.8.57,1
1041,Muscadines,33.75008,-84.35928,,05/20/11,98.219.8.57,1
1042,Other,33.74879,-84.34218,Loquat,05/20/11,98.219.8.57,1
1043,Other,33.74873,-84.34218,Loquat,05/20/11,98.219.8.57,1
1044,Other,33.76327,-84.33229,Loquat,05/30/11,98.219.8.57,1
1045,Figs,33.81596,-84.31565,small,05/30/11,127.0.0.1,1
1046,Figs,33.82102,-84.3214,2 good sized fig trees,05/30/11,127.0.0.1,1
1047,Cherries,33.81879,-84.32079,black cherries at the intersection,05/30/11,127.0.0.1,1
1048,Blackberries,33.82371,-84.32923,"by the side of the park entrance, not many of them.",05/30/11,127.0.0.1,1
1049,Cherries,33.80983,-84.35183,very tall and fruitful black cherry tree,05/30/11,127.0.0.1,1
1050,Figs,33.80149,-84.34917,Mis-sized fig,05/30/11,127.0.0.1,1
1051,Peaches,33.79589,-84.3476,"small, but fruiting tree",05/30/11,127.0.0.1,1
1052,Figs,33.80162,-84.34432,fair sized fig,05/30/11,127.0.0.1,1
1053,Pomegranates,33.79366,-84.34745,in the backyard,05/30/11,127.0.0.1,1
1054,Ginkgo,33.79418,-84.3528,2 female ginkos,05/30/11,127.0.0.1,1
1055,Figs,33.79541,-84.35473,i think a large backyard fig behind 1490,05/30/11,127.0.0.1,1
1056,Peaches,33.79558,-84.36344,"big, weird peach tree. maybe having trouble due to vines?",05/30/11,127.0.0.1,1
1057,Peaches,33.82126,-84.3196,"mid sized, by 1728",05/30/11,127.0.0.1,1
1058,Figs,33.81094,-84.28683,possibly an enormous fig tree behind 2467,05/30/11,127.0.0.1,1
1059,Ginkgo,33.81508,-84.28289,"huge, huge lady ginko at 1233",05/30/11,127.0.0.1,1
1060,Figs,33.81648,-84.27899,3 figs at 1246,05/30/11,127.0.0.1,1
1061,Figs,33.81648,-84.27899,3 figs at 1246,05/30/11,127.0.0.1,1
1062,Peaches,33.79715,-84.35002,,06/01/11,98.219.8.57,1
1063,Pecans,33.75008,-84.35981,Elliot Pecan according to Janna,06/01/11,98.219.8.57,1
1064,Peaches,33.74872,-84.36562,Peaches at 214 according to Janna,06/01/11,98.219.8.57,1
1065,Peaches,33.75004,-84.36602,Peaches at 167 according to Janna,06/01/11,98.219.8.57,1
1066,Peaches,33.75527,-84.35244,,06/03/11,98.219.8.57,1
1067,Peaches,33.74961,-84.36327,At 182 estoria according to Janna,06/03/11,98.219.8.57,1
1068,Figs,33.74977,-84.36326,At 186 estoria according to Janna,06/03/11,98.219.8.57,1
1069,Apples,33.76439,-84.35413,,06/05/11,98.219.8.57,1
1070,Peaches,33.75757,-84.31857,,06/05/11,98.219.8.57,1
1071,Prickly Pear,33.76078,-84.31095,"private property, but owner happily allows pear picking with permission.",06/20/11,74.2.230.250,1
1072,Blueberries,33.83349,-84.15322,Private home in back yard ,06/29/11,166.137.14.6,1
1073,Figs,33.75602,-84.30379,Biggest fig tree ever! I\'ll stop by soon! -Gibby,06/29/11,166.137.14.6,1
1074,Figs,33.733,-84.36214,Baby fig at the end of the street,07/28/11,174.252.137.105,1
1075,Apples,33.75031,-84.36135,Somewhere near here,07/29/11,98.219.8.57,1
1076,Plums,33.87936,-84.27948,maybe ,08/12/11,66.87.105.135,1
1077,Pomegranates,33.58304,-84.5094,,08/15/11,67.103.46.138,1
1078,Figs,33.75494,-84.33024,3 biggies between the houses,08/16/11,174.252.167.146,1
1079,Figs,33.86235,-84.26418,verified,08/18/11,98.219.8.57,1
1080,Figs,33.86235,-84.26409,verified,08/18/11,98.219.8.57,1
1081,Pomegranates,33.86229,-84.26396,verified,08/18/11,98.219.8.57,1
1082,Pomegranates,33.8623,-84.26387,verified,08/18/11,98.219.8.57,1
1083,Apples,34.17476,-84.16729,"Belong to RIck Daniel - Rld6369@bellsouth.net, 770-294-7798",08/18/11,98.219.8.57,1
1084,Pears,34.17474,-84.16744,"3 trees. Belong to RIck Daniel - Rld6369@bellsouth.net, 770-294-7798",08/18/11,98.219.8.57,1
1085,Figs,34.17468,-84.16733,"Belong to RIck Daniel - Rld6369@bellsouth.net, 770-294-7798",08/18/11,98.219.8.57,1
1086,Crabapples,34.17477,-84.16709,"Belong to RIck Daniel - Rld6369@bellsouth.net, 770-294-7798",08/18/11,98.219.8.57,1
1087,Muscadines,34.1747,-84.16759,"Belong to RIck Daniel - Rld6369@bellsouth.net, 770-294-7798",08/18/11,98.219.8.57,1
1088,Pecans,34.17472,-84.16709,"Belong to RIck Daniel - Rld6369@bellsouth.net, 770-294-7798",08/18/11,98.219.8.57,1
1089,Figs,33.78024,-84.40094,Notes,09/16/11,166.248.66.123,1
1090,Pomegranates,33.87117,-84.25418,verified,09/18/11,66.87.107.110,1
1091,Persimmon,33.87108,-84.25417,verified japanese,09/18/11,66.87.109.165,1
1092,Other,33.77411,-84.3151,Chestnuts,09/30/11,24.30.98.161,1
1093,Other,33.77424,-84.31493,Chestnuts ,09/30/11,24.30.98.161,1
1094,Pomegranates,33.76856,-84.33309,ripe in late october 2011,11/06/11,98.219.8.57,1
1095,Pears,33.88039,-84.22143,Super nice red pears,12/18/11,98.219.8.57,1
1096,Pomegranates,33.79078,-84.29492,,12/21/11,98.219.8.57,1
1097,Apples,33.82815,-84.2875,2 young gala apples,12/26/11,66.87.108.255,1
1098,Flying Dragon,33.74418,-84.34008,,01/26/12,98.92.18.75,1
1099,Other,33.74402,-84.33935,Jujube,02/09/12,208.54.44.199,1
1100,Figs,33.67732,-84.12664,,03/21/12,72.152.2.73,1
1101,Mulberries,33.75277,-84.33018,"verified, large tree",04/05/12,66.87.110.11,1
1102,Figs,33.75444,-84.3305,verified medium tree,04/05/12,66.87.110.11,1
1103,Figs,33.75496,-84.3302,verified gigantic tree!,04/05/12,66.87.110.11,1
1104,Figs,33.74266,-84.36644,good size tree,04/18/12,166.248.107.205,1
1105,Mulberries,33.74209,-84.36548,watery tasting. bland.,04/18/12,166.248.107.205,1
1106,Mulberries,33.74157,-84.36465,too high to taste.,04/18/12,166.248.107.205,1
1107,Figs,33.73657,-84.35588,mid-sized,04/25/12,166.248.99.202,1
1108,Figs,33.74253,-84.34057,verified. very big,04/25/12,66.87.108.95,1
1109,Figs,33.73495,-84.35762,"backyard fig, good size",04/25/12,166.248.99.202,1
1110,Figs,33.73349,-84.3613,small to mid sized,04/25/12,166.248.99.202,1
1111,Mulberries,33.7418,-84.37178,big,04/25/12,166.248.99.202,1
1112,Pears,33.74183,-84.37176,"tall, tall tree",04/25/12,166.248.99.202,1
1113,Pomegranates,33.73895,-84.36963,"fair sized, lots of buds",04/25/12,166.248.99.202,1
1114,Peaches,33.73898,-84.36967,small,04/25/12,166.248.99.202,1
1115,Peaches,33.73725,-84.36528,mid sized,04/26/12,166.248.99.202,1
1116,Apples,33.76079,-84.35256,Planted 2009. Owner uses them.,04/28/12,98.219.8.57,1
1117,Apples,33.70685,-84.42155,,05/13/12,98.219.8.57,1
1118,Peaches,33.70684,-84.42162,,05/13/12,98.219.8.57,1
1119,Peaches,33.70691,-84.42165,,05/13/12,98.219.8.57,1
1120,Apples,33.74348,-84.34535,,05/16/12,98.219.8.57,1
1121,Peaches,33.74327,-84.34599,might be next door,05/16/12,98.219.8.57,1
1122,Persimmon,33.83429,-84.28182,large persimmon somewhere near here,05/24/12,98.219.8.57,1
1123,Peaches,33.75405,-84.3627,Steve Ab\'s recon. Don\'t know if public or private.,06/27/12,24.126.245.85,1
1124,Apples,33.90989,-84.19137,,07/14/12,24.126.245.221,1
1125,Figs,33.90039,-84.44262,residential,07/18/12,166.248.96.249,1
1126,Pears,33.90027,-84.44257,residential,07/18/12,166.248.96.249,1
1127,Figs,33.804918,-84.347957,Small fig next to the road,07/21/12,66.87.109.9,1
1128,Pecans,33.76122,-84.36178,This tree (planted some where down below)comes up at the level  of elevated N. Highland and fruit falls on the sidewalk,07/30/12,74.92.194.145,1
1129,Pecans,33.76091,-84.35886,Another huge pecan tree (could lie in carpenters at large\'s lot),07/30/12,74.92.194.145,1
1130,Apples,33.81452,-84.29809,Notes,07/31/12,75.94.204.144,1
1131,Apples,33.85973,-84.20774,several small trees near roadway,08/10/12,66.87.104.95,1
1132,Pears,33.85817,-84.1637,verified ripe late aug 2012,08/28/12,98.219.8.211,1
1133,Figs,33.81771,-84.32619,,09/06/12,98.219.8.211,1
1134,Persimmon,33.80794,-84.09018,"tiny Asians, but loaded",09/06/12,70.193.128.246,1
1135,Persimmon,33.80769,-84.08997,pretty big tree by the street,09/06/12,70.193.128.246,1
1136,Pears,33.74307,-84.33514,back yard tree. very tall,09/14/12,70.193.130.40,1
1137,Persimmon,33.75354,-84.31601,"tall tree, good looking fruit, but maybe too high to pick",09/14/12,70.193.130.40,1
1138,Pears,33.75363,-84.31606,strange tree held up by Crosses,09/14/12,70.193.130.40,1
1139,Persimmon,33.88739,-84.24731,Asian,09/18/12,98.219.8.211,1
1140,Mulberries,33.73062,-84.35718,,09/25/12,50.13.220.67,1
1141,Plums,33.73106,-84.35451,,09/25/12,50.13.220.67,1
1142,Mulberries,33.73059,-84.35718,,09/28/12,50.13.220.67,1
1143,Other,33.650022,-84.448129,something appeared very full here in late sept 2012. apples? pears?,09/28/12,66.87.105.107,1
1144,Mulberries,33.73047,-84.35724,,09/29/12,50.13.220.67,1
1145,Other,33.73047,-84.35732,,09/29/12,50.13.220.67,1
1146,Other,33.7377,-84.37335,,09/29/12,50.13.220.67,1
1147,Figs,33.75687,-84.35549,,10/16/12,130.199.3.165,1
1148,Ginkgo,39.8363,-122.45573,,10/28/12,50.13.220.67,1
1149,Figs,38.33555,-120.69791,,10/28/12,50.13.220.67,1
1150,Other,-77.61555,103.01131,very fruitful mango tree,10/28/12,50.13.220.67,1
1151,Plums,33.73098,-84.35457,,11/07/12,50.13.220.67,1
1152,Pears,33.94137,-84.21249,"Picked 10/12/12 -- late. Owner says they use some, but didn\'t mind",11/17/12,98.219.8.211,1
1153,Other,33.91749,-84.35541,"Pears, figs, muscadines -- see email from Lili",11/24/12,98.219.8.211,1
1154,Prickly Pear,33.758903,-84.324672,,11/25/12,66.87.109.102,1
1155,Prickly Pear,33.754518,-84.325804,,11/25/12,66.87.109.102,1
1156,Flying Dragon,33.73627,-84.35647,"big, in 949\'s backyard",12/23/12,70.193.131.13,1
1157,Persimmon,33.819644,-84.329912,large Asian persimmon around here (from Stuart),01/28/13,66.87.111.176,1
1158,Pears,33.74402,-84.33881,"good fruit, pruned -- Added by ",02/10/13,50.10.104.248,1
1159,Pears,33.74412,-84.33881,planted 2011 -- Added by ,02/10/13,50.10.104.248,1
1160,Serviceberries,33.74005,-84.3403,planted 2013 -- Added by ,02/10/13,50.10.104.248,1
1161,Serviceberries,33.74005,-84.34037,planted 2013 -- Added by ,02/10/13,50.10.104.248,1
1162,Mulberries,33.7759,-84.35999, -- Added by paige.enfinger@gmail.com,06/18/13,75.147.199.185,1
1163,Mulberries,33.77478,-84.35858, -- Added by paige.enfinger@gmail.com,06/18/13,75.147.199.185,1
1164,Pears,33.77081,-84.33174,Big pear in yard of 607 Hardendorf -- Added by ,06/29/13,76.111.61.195,1
1165,Flying Dragon,33.902292,-84.302525,across from playground -- Added by ,07/17/13,66.87.104.123,1
1166,Apples,33.77624,-84.35877,"mid-sized tree, minimal production -- Added by ",07/19/13,70.193.129.94,1
1167,Persimmon,33.79038,-84.42068,"Mature tree on edge of fenced wooded lot, just outside fence. Tree can be seen alongside public road. -- Added by omniscate@gmail.com",07/23/13,72.145.176.89,1
1168,Apples,33.73228,-84.33799,"huge tree, huge house. -- Added by ",07/24/13,70.193.129.94,1
1169,Peaches,33.74188,-84.35422," big tree, producing a lot -- Added by ",08/06/13,70.193.135.78,1
1170,Apples,34.24169,-84.3992,Aub says there\'s biggie apples here -- Added by craig,08/07/13,76.111.61.195,1
1171,Apples,34.23514,-84.37405,Aub says there\'s biggie apples here -- Added by craig,08/07/13,76.111.61.195,1
1172,Apples,34.22888,-84.36286,Aub says huge apples here -- Added by craig,08/07/13,76.111.61.195,1
1173,Apples,34.23034,-84.368,Aub says theres apples here -- Added by craig,08/07/13,76.111.61.195,1
1174,Apples,34.24107,-84.40894,Aub says theres apples here -- Added by craig,08/07/13,76.111.61.195,1
1175,Apples,34.24072,-84.42549,Aub says theres apples here -- Added by craig,08/07/13,76.111.61.195,1
1176,Apples,33.68261,-84.44419,"mid sized, decent amount of fruit -- Added by ",08/08/13,70.193.135.78,1
1177,Apples,33.68308,-84.45103,1914. mid sized. -- Added by ,08/08/13,70.193.135.78,1
1178,Pears,33.69221,-84.44988,2 big backyard trees. heavy with fruit -- Added by ,08/08/13,70.193.134.248,1
1179,Apples,33.916066,-84.111285,ripe in early Aug 2013 -- Added by ,08/08/13,66.87.108.19,1
1180,Apples,33.68923,-84.45255,"Tall backyard tree, not the healthiest looking. Maybe half an IKEA bag worth of fruit -- Added by ",08/09/13,98.219.8.154,1
1181,Figs,33.68442,-84.45463,"Big, beautiful backyard fig -- Added by ",08/09/13,98.219.8.154,1
1182,Figs,33.68703,-84.45159,Good looking fig -- Added by ,08/09/13,98.219.8.154,1
1183,Apples,33.76714,-84.28548,"Apple here Aug 13, according to Mimi\'s friend -- Added by ",08/11/13,76.111.61.195,1
1184,Quince,33.785059,-84.337261,in back of 1122 mailbox -- Added by ,08/11/13,66.87.106.131,1
1185,Apples,33.78426,-84.13391,"Belong to chris.s.parker1@gmail.com -- 770-543-8226, 770-414-5964. Ripe very early! And many other trees -- Added by Craig",08/14/13,76.111.61.195,1
1186,Peaches,33.66684,-84.43782," huge, productitree -- Added by ",08/21/13,70.193.138.66,1
1187,Apples,33.66068,-84.4361,1439 hardin. most productive small tree I\'ve ever seen -- Added by ,08/21/13,70.193.138.66,1
1188,Pears,33.6607,-84.43626," good, productive mid-sized tree -- Added by ",08/21/13,70.193.138.66,1
1189,Apples,33.69152,-84.43643, small tree -- Added by ,08/21/13,70.193.138.66,1
1190,Pomegranates,33.82416,-84.3403,"not yet big, but a few fruit -- Added by ",08/30/13,70.193.130.215,1
1191,Muscadines,33.72797,-84.35623, very productive -- Added by ,09/13/13,70.193.129.2,1
1192,Pears,33.7287,-84.35436, baby pear tree -- Added by ,09/13/13,70.193.129.2,1
1193,Pawpaw,33.80239,-84.55722, -- Added by 3 yr seedling-collins select,11/23/13,24.98.61.4,1
1194,Pawpaw,33.80237,-84.55722,eastern seedling 4 yr old -- Added by ,11/23/13,24.98.61.4,1
1195,Pawpaw,33.80239,-84.55722,3 yr old eastern seedling -- Added by ,11/23/13,24.98.61.4,1
1196,Pawpaw,33.80238,-84.55722,4 yr old collins select -- Added by ,11/23/13,24.98.61.4,1
1197,Nectarines,33.80235,-84.55737,6 yr old 9 ft -- Added by ,11/23/13,24.98.61.4,1
1198,Pomegranates,33.8023,-84.55723,5 ft 4 yr old -- Added by ,11/23/13,24.98.61.4,1
1199,Plums,33.80215,-84.55742,15 ft -- Added by ,11/23/13,24.98.61.4,1
1200,Peaches,33.80215,-84.55738,10 ft  -- Added by ,11/23/13,24.98.61.4,1
1201,Figs,33.80199,-84.55698,  -- Added by ,11/23/13,24.98.61.4,1
1202,Figs,33.80199,-84.55695,  -- Added by ,11/23/13,24.98.61.4,1
1203,Figs,33.802,-84.55691,  -- Added by ,11/23/13,24.98.61.4,1
1204,Apples,33.80215,-84.55734, small tree -- Added by ,11/23/13,24.98.61.4,1
1205,Pears,33.80218,-84.55735,15 ft -- Added by ,11/23/13,24.98.61.4,1
1206,Prickly Pear,33.80243,-84.55724,5 yr old -- Added by ,11/23/13,24.98.61.4,1
1207,Other,33.80235,-84.55724,6 yr old pindo palm butia capitata -- Added by ,11/23/13,24.98.61.4,1
1208,Persimmon,33.75207,-84.28781, -- Added by ,12/04/13,24.30.40.19,1
1209,Pears,33.77686,-84.3539,Pretty large tree in front yard -- Added by Craig,05/15/14,24.99.63.68,1
1210,Mulberries,33.78108,-84.26437,"White Mulberry, hangs over a residential fence onto the street. -- Added by stacie.boschma@gmail.com",05/20/14,38.110.37.248,1
1211,Mulberries,33.79578,-84.40663, -- Added by Dougall YO,06/09/14,76.97.68.40,1
1212,Mulberries,33.75567,-84.35119,abandoned house on corner of Kensington and Hardee -- Added by ,06/15/14,24.99.60.96,1
1213,Ginkgo,33.77618,-84.29661, -- Added by ,07/08/14,104.5.36.179,1
1214,Pears,33.67217,-84.45674,Unknown pear trees growing in abandoned apartment complex -- Added by Nathan Strange 404-909-0911,07/27/14,74.190.17.150,1
1215,Pears,33.67211,-84.45667,Unknown pear trees with fruit growing in abandoned apartment complex -- Added by Nathan Strange 404-909-0911,07/27/14,74.190.17.150,1
1216,Pears,33.67201,-84.45664,Unknown pear trees with fruit growing in abandoned apartment complex -- Added by Nathan Strange 404-909-0911,07/27/14,74.190.17.150,1
1217,Apples,33.73912,-84.3668,"Rather large apple (crabapple, I think) tree that is in a backyard, overhangs to sidewalk -- Added by ",08/04/14,107.7.54.68,1
1218,Figs,33.73907,-84.36678,"Huge fig tree that overhangs sidewalk, you can smell the figs up the block, owner lets them drop, right next to apple tree -- Added by ",08/04/14,107.7.54.68,1
1219,Apples,33.73357,-84.36503,Crabapple tree that owner ignores -- Added by ,08/04/14,107.7.54.68,1
1220,Blackberries,33.73363,-84.36517,"Same yard as crabapple tree, vines grow right about the sidewalk -- Added by ",08/04/14,107.7.54.68,1
1221,Persimmon,33.78249,-84.33101, -- Added by ,08/29/14,71.56.78.212,1
