tree_id,tree_type,tree_lat,tree_lng,"tree_notes",tree_add_date,tree_user_id,tree_private,tree_hash
13,18,33.74378,-84.33986,"",02/17/11,98.88.255.85,0,"djupbycefb"
14,18,33.74376,-84.33986,"",02/17/11,98.88.255.85,0,"djupbycedu"
18,4,33.74403,-84.33928,"",02/17/11,98.88.255.85,0,"djupbyfj0r"
19,15,33.74379,-84.33984,"Raspberries",02/17/11,98.88.255.85,0,"djupbyceg6"
20,20,33.74114,-84.33189,"Japanese",02/17/11,98.88.255.85,0,"djupbyrkks"
21,22,33.74114,-84.33179,"",02/17/11,98.88.255.85,0,"djupbyrkqu"
22,8,33.74118,-84.33168,"",02/17/11,98.88.255.85,0,"djupbyrs97"
23,16,33.74126,-84.33159,"",02/17/11,98.88.255.85,0,"djupbyrt5d"
24,16,33.74125,-84.33152,"",02/17/11,98.88.255.85,0,"djupbyrtj0"
25,18,33.74121,-84.33146,"",02/17/11,98.88.255.85,0,"djupbyrsy9"
26,24,33.74116,-84.33144,"",02/17/11,98.88.255.85,0,"djupbyrsx0"
27,19,33.74117,-84.33157,"",02/17/11,98.88.255.85,0,"djupbyrsec"
28,4,33.74123,-84.33163,"",02/17/11,98.88.255.85,0,"djupbyrsft"
29,4,33.74123,-84.33164,"",02/17/11,98.88.255.85,0,"djupbyrsfm"
30,15,33.74119,-84.3314,"Jujubee",02/17/11,98.88.255.85,0,"djupbyrsxv"
31,20,33.74085,-84.33146,"",02/17/11,98.88.255.85,0,"djupbyrdww"
34,8,33.75457,-84.32806,"",02/17/11,98.88.255.85,0,"dnh010f4tg"
35,2,33.7546,-84.32798,"",02/17/11,98.88.255.85,0,"dnh010f4z9"
36,2,33.75456,-84.32798,"",02/17/11,98.88.255.85,0,"dnh010f4xd"
37,22,33.78241,-84.36339,"",02/17/11,98.88.255.85,0,"dnh00mbky9"
38,22,33.78237,-84.36339,"",02/17/11,98.88.255.85,0,"dnh00mbkwd"
39,16,33.78235,-84.36329,"",02/17/11,98.88.255.85,0,"dnh00mbs2y"
42,8,33.78237,-84.36334,"",02/17/11,98.88.255.85,0,"dnh00mbkxd"
43,2,33.78241,-84.36328,"",02/17/11,98.88.255.85,0,"dnh00mbsc1"
45,18,33.78242,-84.36331,"",02/17/11,98.88.255.85,0,"dnh00mbsb7"
46,15,33.78246,-84.36326,"Kiwi",02/17/11,98.88.255.85,0,"dnh00mbt1d"
47,6,33.78095,-84.37185,"",02/17/11,98.88.255.85,0,"dnh00jdk33"
48,6,33.78094,-84.37185,"",02/17/11,98.88.255.85,0,"dnh00jdk1r"
49,22,33.78094,-84.37193,"",02/17/11,98.88.255.85,0,"dnh00jdhpx"
50,21,33.78093,-84.37188,"",02/17/11,98.88.255.85,0,"dnh00jdk0t"
51,20,33.78092,-84.37185,"Fuyu",02/17/11,98.88.250.220,0,"dnh00jdk17"
54,21,33.78091,-84.37188,"",02/17/11,184.36.245.203,0,"dnh00jdk0d"
55,2,33.73757,-84.34712,"",02/17/11,72.152.9.253,0,"djupbtsr9d"
56,22,33.7374,-84.34709,"",02/17/11,72.152.9.253,0,"djupbtsqd7"
57,16,33.73744,-84.34715,"",02/17/11,72.152.9.253,0,"djupbtsqbf"
58,16,33.73754,-84.34717,"",02/17/11,72.152.9.253,0,"djupbtsr2m"
59,21,33.73754,-84.34709,"",02/17/11,72.152.9.253,0,"djupbtsr6m"
60,20,33.73745,-84.34707,"Fuyu",02/17/11,72.152.9.253,0,"djupbtsqfu"
61,21,33.73311,-84.42135,"",02/17/11,98.92.19.243,0,"djgzyuyjxg"
62,21,33.73312,-84.42143,"",02/17/11,98.92.19.243,0,"djgzyuyjwj"
63,21,33.73317,-84.4215,"",02/17/11,98.92.19.243,0,"djgzyuyjuq"
64,16,33.73302,-84.42139,"",02/17/11,98.92.19.243,0,"djgzyuyjp4"
65,16,33.73304,-84.42145,"",02/17/11,98.92.19.243,0,"djgzyuyjjw"
66,16,33.73302,-84.42143,"",02/17/11,98.92.19.243,0,"djgzyuyjn4"
67,16,33.73299,-84.42139,"",02/17/11,98.92.19.243,0,"djgzyuyhzj"
68,21,33.73316,-84.42148,"",02/17/11,98.92.19.243,0,"djgzyuyjuu"
69,15,33.73276,-84.4214,"Walnut",02/17/11,98.92.19.243,0,"djgzyuy5wf"
119,2,33.76942,-84.3405,"",02/17/11,98.92.19.243,0,"dnh00g915u"
120,2,33.76938,-84.34052,"",02/17/11,98.92.19.243,0,"dnh00g90gk"
122,26,33.73146,-84.37349,"",02/17/11,98.92.19.243,0,"djupbh95gp"
123,26,33.73131,-84.37348,"",02/17/11,98.92.19.243,0,"djupbh9557"
124,18,33.73151,-84.37339,"",02/17/11,98.92.19.243,0,"djupbh9hm9"
125,20,33.73141,-84.3734,"Japanese",02/17/11,98.92.19.243,0,"djupbh95tq"
126,20,33.73137,-84.3734,"Japanese",02/17/11,98.92.19.243,0,"djupbh95mr"
127,20,33.73155,-84.37346,"native",02/17/11,98.92.19.243,0,"djupbh9heb"
128,8,33.73146,-84.37329,"",02/17/11,98.92.19.243,0,"djupbh95zz"
129,8,33.73146,-84.37329,"",02/17/11,98.92.19.243,0,"djupbh95zz"
130,22,33.73142,-84.37328,"",02/17/11,98.92.19.243,0,"djupbh97b0"
131,16,33.73144,-84.3733,"",02/17/11,98.92.19.243,0,"djupbh95zs"
132,16,33.73143,-84.3733,"paw-paw",02/17/11,98.92.19.243,0,"djupbh95zd"
133,16,33.73143,-84.3733,"paw-paw",02/17/11,98.92.19.243,0,"djupbh95zd"
134,4,33.73143,-84.37333,"",02/17/11,98.92.19.243,0,"djupbh95yf"
135,15,33.7314,-84.37343,"herbs",02/17/11,98.92.19.243,0,"djupbh95ss"
136,15,33.73138,-84.37343,"herbs",02/17/11,98.92.19.243,0,"djupbh95s8"
138,26,33.74637,-84.33981,"",02/18/11,98.92.19.243,0,"djupbz3dgg"
139,26,33.7464,-84.33984,"",02/18/11,98.92.19.243,0,"djupbz3e52"
140,26,33.74645,-84.33981,"",02/18/11,98.92.19.243,0,"djupbz3e7f"
141,26,33.74648,-84.33985,"",02/18/11,98.92.19.243,0,"djupbz3e7p"
142,26,33.74652,-84.33982,"",02/18/11,98.92.19.243,0,"djupbz3eez"
143,26,33.74654,-84.33986,"",02/18/11,98.92.19.243,0,"djupbz3efg"
145,26,33.74719,-84.33986,"",02/18/11,98.92.19.243,0,"djupbz3xdu"
146,26,33.74717,-84.33981,"",02/18/11,98.92.19.243,0,"djupbz3xeb"
148,21,33.75171,-84.35941,"",02/18/11,98.92.19.243,0,"dnh00273gq"
152,15,33.7517,-84.35516,"jujubee",02/18/11,98.92.19.243,0,"dnh002q3yk"
153,15,33.7501,-84.35453,"loquat",02/18/11,98.92.19.243,0,"dnh002nbsf"
154,19,33.75028,-84.35579,"",02/18/11,98.92.19.243,0,"dnh002jcxs"
155,20,33.74292,-84.34802,"Fuyu",03/07/11,72.152.7.188,0,"djupbwewu8"
156,20,33.74291,-84.34796,"Fuyu",03/07/11,72.152.7.188,0,"djupbwewwn"
157,21,33.74288,-84.34799,"Santa Rosa",03/07/11,72.152.7.188,0,"djupbwewt2"
158,22,33.74292,-84.34799,"",03/07/11,72.152.7.188,0,"djupbwewv2"
160,16,33.73944,-84.37284,"Pawpaw",03/27/11,98.192.38.181,0,"djupbn1d6r"
167,26,33.7689,-84.35425,"",03/27/11,98.192.38.181,0,"dnh007rn5e"
168,26,33.76893,-84.35418,"",03/27/11,98.192.38.181,0,"dnh007rnm0"
169,26,33.76859,-84.35721,"",03/27/11,98.192.38.181,0,"dnh007kuq9"
170,26,33.77054,-84.35844,"",03/27/11,98.192.38.181,0,"dnh007sp9u"
171,26,33.77082,-84.35869,"",03/27/11,98.192.38.181,0,"dnh007gck1"
174,26,33.77352,-84.35973,"",03/27/11,98.192.38.181,0,"dnh00k715b"
175,26,33.77353,-84.35975,"",03/27/11,98.192.38.181,0,"dnh00k7156"
186,26,33.76514,-84.35486,"",03/27/11,98.192.38.181,0,"dnh006y8jq"
187,26,33.76506,-84.3549,"",03/27/11,98.192.38.181,0,"dnh006wxsr"
201,22,33.74226,-84.43428,"",04/04/11,98.92.19.98,0,"djgzywsfft"
202,16,33.74209,-84.43431,"mango",04/04/11,98.92.19.98,0,"djgzywsccv"
203,16,33.74213,-84.43431,"rebecca\'s gold",04/04/11,98.92.19.98,0,"djgzywsf1u"
204,21,33.7423,-84.43425,"",04/04/11,98.92.19.98,0,"djgzywsg5k"
205,20,33.74224,-84.4342,"jap",04/04/11,98.92.19.98,0,"djgzywsfu9"
206,21,33.74225,-84.43434,"",04/04/11,98.92.19.98,0,"djgzywsfc7"
207,15,33.74228,-84.43438,"Hazelnuts",04/04/11,98.92.19.98,0,"djgzywsg02"
208,21,33.74205,-84.43419,"chickasaw plums",04/04/11,98.92.19.98,0,"djgzywscsy"
209,24,33.74848,-84.37365,"",04/04/11,98.92.19.98,0,"djupbp8zpk"
210,24,33.74849,-84.37327,"",04/04/11,98.92.19.98,0,"djupbp9r0q"
211,16,33.74748,-84.37469,"",04/04/11,98.92.19.98,0,"djupbp81r4"
212,16,33.74754,-84.37468,"",04/04/11,98.92.19.98,0,"djupbp81xm"
213,26,33.74732,-84.37448,"",04/04/11,98.92.19.98,0,"djupbp82kh"
214,26,33.74836,-84.37257,"",04/04/11,98.92.19.98,0,"djupbp9y2w"
215,26,33.7484,-84.37257,"",04/04/11,98.92.19.98,0,"djupbp9y8t"
216,16,33.74749,-84.37461,"",04/04/11,98.92.19.98,0,"djupbp833h"
217,21,33.75173,-84.35931,"",04/04/11,98.92.19.98,0,"dnh00276jd"
218,15,33.74379,-84.33987,"Oregano",04/04/11,98.92.19.98,0,"djupbycefd"
219,15,33.74394,-84.33986,"Rosemary",04/04/11,98.92.19.98,0,"djupbycsdy"
220,15,33.74291,-84.34777,"Hazelnuts",04/04/11,98.92.19.98,0,"djupbweydw"
221,26,33.75256,-84.36196,"2 trees here",04/10/11,98.219.8.57,0,"dnh0023qzv"
222,26,33.75258,-84.36193,"2 trees here",04/10/11,98.219.8.57,0,"dnh0023x08"
223,20,33.75507,-84.3385,"",04/25/11,72.152.7.53,0,"dnh00bftd9"
225,18,33.75532,-84.33833,"",04/25/11,72.152.7.53,0,"dnh00bfwyr"
239,15,33.73864,-84.34464,"Kiwi",04/29/11,98.92.20.58,0,"djupbtyjg6"
240,4,33.73868,-84.34464,"",04/29/11,98.92.20.58,0,"djupbtyn53"
241,4,33.73873,-84.34464,"",04/29/11,98.92.20.58,0,"djupbtyn77"
242,4,33.73873,-84.34464,"",04/29/11,98.92.20.58,0,"djupbtyn77"
243,4,33.73861,-84.34464,"",04/29/11,98.92.20.58,0,"djupbtyjek"
244,15,33.73867,-84.34463,"Raspberries",04/29/11,98.92.20.58,0,"djupbtyjgx"
245,12,33.76566,-84.354,"",04/30/11,98.92.20.58,0,"dnh006z71r"
252,12,33.76281,-84.31955,"",05/02/11,98.219.8.57,0,"dnh01626s5"
258,26,33.76859,-84.3573,"",05/08/11,98.219.8.57,0,"dnh007kuk3"
259,26,33.76859,-84.3573,"",05/08/11,98.219.8.57,0,"dnh007kuk3"
260,12,33.762,-84.34868,"",05/08/11,98.219.8.57,0,"dnh00d5jvk"
264,26,33.76749,-84.36781,"",05/08/11,98.219.8.57,0,"dnh005jjzs"
265,26,33.76747,-84.36781,"",05/08/11,98.219.8.57,0,"dnh005jjz8"
266,26,33.76746,-84.36781,"",05/08/11,98.219.8.57,0,"dnh005jjxw"
268,12,33.73517,-84.36536,"",05/10/11,174.49.119.196,0,"djupbjr18e"
269,12,33.73568,-84.36621,"",05/10/11,174.49.119.196,0,"djupbjqksf"
270,12,33.77497,-84.35322,"",05/11/11,98.219.8.57,0,"dnh00kxc7w"
271,12,33.77448,-84.35335,"White Mulberry",05/11/11,98.219.8.57,0,"dnh00kry87"
272,5,33.7601,-84.35792,"Labeled as 'flowering cherries'",05/11/11,98.219.8.57,0,"dnh003u6vf"
273,26,33.8052,-84.23889,"Three trees, two actively fruiting in May",05/12/11,140.194.193.108,0,"dnh07451ed"
286,26,33.76445,-84.32335,"",05/15/11,98.92.227.148,0,"dnh014ts5t"
287,12,33.76192,-84.31914,"",05/15/11,98.92.227.148,0,"dnh0160tmw"
288,19,33.75354,-84.32664,"",05/15/11,98.92.227.148,0,"dnh010ehwg"
289,13,33.77368,-84.33569,"",05/15/11,98.92.227.148,0,"dnh00uk9gy"
290,13,33.77348,-84.33572,"",05/15/11,98.92.227.148,0,"dnh00uk8g2"
291,4,33.88288,-84.43953,"trails on top of ridge at East Palisades",05/15/11,98.92.227.148,0,"dn5by81n06"
292,20,33.76951,-84.29641,"not sure if this one fruits...",05/15/11,98.92.227.148,0,"dnh01g91xk"
295,26,33.76061,-84.31104,"",05/16/11,98.92.227.148,0,"dnh013ytf3"
298,13,33.76015,-84.32997,"",05/16/11,98.219.8.57,0,"dnh011bg1k"
299,12,33.75535,-84.34951,"",05/18/11,98.219.8.57,0,"dnh008fx1v"
303,26,33.74931,-84.36421,"",05/20/11,98.219.8.57,0,"djupbpzggr"
305,12,33.74918,-84.36458,"",05/20/11,98.219.8.57,0,"djupbpze4z"
310,26,33.75252,-84.35934,"",05/20/11,98.219.8.57,0,"dnh0027qsv"
311,17,33.75016,-84.35829,"Peaches overhanging fence",05/20/11,98.219.8.57,0,"dnh002h0vm"
315,26,33.77007,-84.35064,"",05/24/11,98.219.8.57,0,"dnh00e9szt"
318,17,33.76315,-84.36693,"",05/24/11,98.219.8.57,0,"dnh004mus5"
320,17,33.76448,-84.3364,"",05/26/11,98.219.8.57,0,"dnh00fsh77"
321,17,33.75214,-84.37118,"",05/30/11,98.219.8.57,0,"dnh0006u3n"
351,20,33.8114,-84.4026,"this persimmon is schedule to be CUT by the city, so pick away this year!",06/17/11,74.2.230.250,0,"dn5br75v"
352,18,33.7637,-84.29209,"",06/17/11,74.2.230.250,0,"dnh01fkrgc"
353,4,33.76171,-84.32704,"tree is in right of way",06/18/11,98.92.20.3,0,"dnh0144ujw"
355,17,33.74037,-84.31377,"",06/29/11,72.152.7.157,0,"djupcqhxfu"
356,3,33.7662,-84.27533,"",07/05/11,170.140.105.1,0,"dnh046bw67"
364,20,33.79085,-84.38038,"2 native persimmon trees",07/30/11,184.252.140.124,0,"dn5bpzkjfw"
366,8,33.78567,-84.41601,"Possibly the biggest fig in atlanta but lots of no trespassing sigbs so get permission ",07/30/11,184.210.217.39,0,"dn5bpn6pu3"
373,6,33.7729,-84.29695,"A few crabapple trees in the little shade tree area across from Chic-fil-a",07/31/11,98.92.63.44,0,"dnh01u0v6s"
375,8,33.75633,-84.35518,"verified ",08/13/11,68.242.136.9,0,"dnh003nkvg"
376,18,33.67588,-84.11638,"",08/15/11,74.176.33.86,0,"djuptfs24r"
377,17,33.66673,-84.12504,"",08/15/11,74.176.33.86,0,"djupt8y4bm"
385,3,33.77646,-84.40653,"Notes",09/16/11,166.248.66.111,0,"dn5bpkc41k"
387,26,33.78788,-84.37108,"inside dog park",09/18/11,24.99.29.172,0,"dnh00nfuem"
388,26,33.788,-84.37107,"inside dog park",09/18/11,24.99.29.172,0,"dnh00nfv7e"
389,26,33.78819,-84.37105,"inside dog park",09/18/11,24.99.29.172,0,"dnh00nfykp"
391,20,33.80152,-84.32073,"native persimmon - tall and spindly and difficult to pick",10/22/11,66.87.105.142,0,"dnh031rs0s"
392,13,33.82658,-84.3545,"Apparently large muscadine/scuppernong vine in parking lot of 50 lenox pointe",11/28/11,98.219.8.57,0,"dnh02myyje"
393,20,33.9249,-84.18417,"Native persimmon on shoulder of onramp",11/28/11,98.219.8.57,0,"dnh0urffye"
394,20,33.93051,-84.17292,"Native persimmon on shoulder of offramp",11/28/11,98.219.8.57,0,"dnh1h8g5sc"
395,20,33.9305,-84.17307,"Native persimmon on shoulder of offramp",11/28/11,98.219.8.57,0,"dnh1h8g53r"
405,7,33.7331,-84.4215,"",01/26/12,98.92.18.75,0,"djgzyuyj"
406,8,33.73461,-84.42164,"",01/26/12,98.92.18.75,0,"djgzyvnn35"
407,8,33.73464,-84.42159,"",01/26/12,98.92.18.75,0,"djgzyvnnd2"
408,8,33.73462,-84.42154,"",01/26/12,98.92.18.75,0,"djgzyvnn7s"
409,19,33.79095,-84.32426,"Several large trees in the quad",02/07/12,98.219.8.57,0,"dnh01pkyw3"
410,12,33.77549,-84.30382,"Rumors of delicious mulberries around here",02/19/12,98.219.8.57,0,"dnh01seu6x"
411,15,33.74365,-84.33983,"Jujube",02/21/12,208.54.87.197,0,"djupbyce58"
420,15,33.73896,-84.34405,"Jujubee",03/15/12,208.54.44.211,0,"djupbtyx9j"
421,15,33.70606,-84.42412,"loquats",03/18/12,98.92.18.5,0,"djgzybh0p2"
422,15,33.70608,-84.42433,"pineapple guava",03/18/12,98.92.18.5,0,"djgzybh04s"
425,24,33.70606,-84.42427,"",03/18/12,98.92.18.5,0,"djgzybh05b"
426,16,33.70606,-84.42418,"",03/18/12,98.92.18.5,0,"djgzybh0n0"
427,20,33.70556,-84.42442,"",03/18/12,98.92.18.5,0,"djgzwzuj07"
428,15,33.70548,-84.42438,"jujube",03/18/12,98.92.18.5,0,"djgzwzuh9k"
429,15,33.70552,-84.42443,"jujube",03/18/12,98.92.18.5,0,"djgzwzuhbh"
430,2,33.7055,-84.4243,"",03/19/12,72.152.107.127,0,"djgzwzuh"
431,2,33.69927,-84.10827,"multi-stem",03/19/12,72.152.107.127,0,"djupwnf0rr"
436,18,33.67595,-84.11643,"",03/21/12,72.152.2.73,0,"djuptfs29h"
437,18,33.6758,-84.11627,"",03/21/12,72.152.2.73,0,"djuptfkrub"
438,20,33.68306,-84.11487,"",03/21/12,72.152.2.73,0,"djuptgv6j3"
440,20,33.66838,-84.11989,"",03/21/12,72.152.2.73,0,"djuptc1u82"
444,24,33.70605,-84.42421,"",03/21/12,72.152.2.73,0,"djgzwzupvr"
445,8,33.70555,-84.42466,"",03/21/12,72.152.2.73,0,"djgzwzgv4c"
446,19,33.70557,-84.42406,"",03/21/12,72.152.2.73,0,"djgzwzum0v"
447,19,33.70572,-84.42407,"",03/21/12,72.152.2.73,0,"djgzwzuq09"
448,3,33.70548,-84.42425,"",03/21/12,72.152.2.73,0,"djgzwzuhsk"
449,3,33.70548,-84.42442,"",03/21/12,72.152.2.73,0,"djgzwzuh8k"
450,9,33.70551,-84.42416,"",03/21/12,72.152.2.73,0,"djgzwzuhy6"
451,15,33.73752,-84.34726,"Loquat",04/01/12,63.170.23.3,0,"djupbtspq3"
452,5,33.73759,-84.34701,"",04/01/12,63.170.23.3,0,"djupbtsrsn"
454,25,33.73899,-84.34401,"",04/01/12,63.170.23.3,0,"djupbtyxf5"
457,16,33.7824,-84.36344,"",04/04/12,98.219.8.57,0,"dnh00mbktr"
458,16,33.78238,-84.36344,"",04/04/12,98.219.8.57,0,"dnh00mbktk"
459,16,33.78237,-84.36344,"",04/04/12,98.219.8.57,0,"dnh00mbkt6"
461,12,33.75186,-84.33036,"verified, large tree",04/05/12,66.87.110.11,0,"dnh0102db4"
471,12,33.77646,-84.34767,"",04/22/12,50.13.203.42,0,"dnh00sgfhu"
472,12,33.75613,-84.3531,"",04/23/12,98.219.8.57,0,"dnh003pgwq"
473,12,33.75584,-84.37934,"",04/24/12,98.219.8.57,0,"dn5bpchf4b"
474,12,33.75057,-84.3376,"verified 2012. large tree w decent low hanging branches",04/25/12,66.87.110.134,0,"dnh00b55r6"
475,12,33.74937,-84.33326,"verified 2012. large tree w decent low hanging branches",04/25/12,66.87.107.210,0,"djupbzykkd"
476,12,33.74027,-84.37309,"good sized.",04/25/12,166.248.99.202,0,"djupbn1rkd"
483,16,33.73792,-84.37248,"",04/26/12,98.219.8.57,0,"djupbjccds"
491,15,33.70588,-84.42444,"Dog Head Farms!",04/27/12,98.219.8.57,0,"djgzwzgyzz"
498,26,33.79108,-84.37163,"verified",05/03/12,66.87.111.174,0,"dnh00p6rq9"
499,26,33.79105,-84.37167,"verified",05/03/12,66.87.111.174,0,"dnh00p6rjs"
500,26,33.79107,-84.37165,"verified",05/03/12,66.87.111.174,0,"dnh00p6rq0"
501,26,33.79105,-84.37177,"verified",05/03/12,66.87.111.174,0,"dnh00p6r5k"
502,26,33.79108,-84.37172,"verified",05/03/12,66.87.111.174,0,"dnh00p6rk3"
542,2,33.76485,-84.31169,"verified 2012",05/13/12,66.87.109.112,0,"dnh016wne0"
552,26,33.78746,-84.32483,"",05/22/12,98.219.8.57,0,"dnh01nud1p"
553,26,33.76353,-84.34072,"",05/24/12,98.219.8.57,0,"dnh00f2yyf"
554,26,33.76355,-84.34066,"",05/24/12,98.219.8.57,0,"dnh00f3nbj"
555,26,33.76357,-84.34058,"",05/24/12,98.219.8.57,0,"dnh00f3p41"
556,26,33.7635,-84.34097,"",05/24/12,98.219.8.57,0,"dnh00f2y8u"
557,8,33.73139,-84.37353,"Fruit garden",05/25/12,74.176.54.175,0,"djupbh95d6"
558,15,33.7314,-84.37347,"Elderberry",05/25/12,74.176.54.175,0,"djupbh95es"
559,18,33.73141,-84.37358,"",05/25/12,74.176.54.175,0,"djupbh959n"
560,20,33.7315,-84.37357,"",05/25/12,74.176.54.175,0,"djupbh9h1r"
561,20,33.73133,-84.37356,"",05/25/12,74.176.54.175,0,"djupbh951x"
579,12,33.77372,-84.37282,"",06/03/12,24.30.52.208,0,"dnh00h3d4v"
580,26,33.77665,-84.36317,"",06/06/12,98.219.8.57,0,"dnh00kbe5x"
581,26,33.77666,-84.36326,"",06/06/12,98.219.8.57,0,"dnh00kbe39"
582,26,33.77665,-84.36336,"",06/06/12,98.219.8.57,0,"dnh00kb7pp"
583,26,33.77664,-84.36347,"",06/06/12,98.219.8.57,0,"dnh00kb7hw"
584,26,33.78228,-84.35945,"",06/07/12,98.219.8.57,0,"dnh00mgk43"
585,26,33.78239,-84.35946,"",06/07/12,98.219.8.57,0,"dnh00mgkdj"
586,26,33.78244,-84.35933,"",06/08/12,98.219.8.57,0,"dnh00mgkvp"
587,26,33.78233,-84.35931,"",06/08/12,98.219.8.57,0,"dnh00mgkmd"
588,26,33.78254,-84.35934,"",06/08/12,98.219.8.57,0,"dnh00mgmsc"
589,26,33.78265,-84.35935,"",06/08/12,98.219.8.57,0,"dnh00mgqhw"
593,4,33.77184,-84.32237,"",06/20/12,98.219.8.57,0,"dnh015yr4r"
594,4,33.77185,-84.32239,"",06/20/12,98.219.8.57,0,"dnh015yr3c"
595,4,33.77185,-84.32241,"",06/20/12,98.219.8.57,0,"dnh015yr33"
596,4,33.77185,-84.32243,"",06/20/12,98.219.8.57,0,"dnh015yr2c"
597,4,33.77185,-84.32245,"",06/20/12,98.219.8.57,0,"dnh015yr29"
598,4,33.77232,-84.31793,"",06/20/12,98.219.8.57,0,"dnh01k1d1b"
599,4,33.77231,-84.31798,"",06/20/12,98.219.8.57,0,"dnh01k19bw"
600,4,33.77259,-84.3184,"",06/20/12,98.219.8.57,0,"dnh01k15wg"
601,4,33.77254,-84.31832,"",06/20/12,98.219.8.57,0,"dnh01k1729"
602,4,33.77252,-84.31831,"",06/20/12,98.219.8.57,0,"dnh01k170y"
603,4,33.77251,-84.31829,"",06/20/12,98.219.8.57,0,"dnh01k171k"
604,4,33.7725,-84.31828,"",06/20/12,98.219.8.57,0,"dnh01k171d"
605,4,33.77253,-84.3183,"",06/20/12,98.219.8.57,0,"dnh01k171p"
614,17,33.77911,-84.37122,"",07/27/12,98.219.8.211,0,"dnh00j6c84"
615,12,33.74987,-84.38142,"",07/30/12,74.92.194.145,0,"djgzzzgr4r"
616,12,33.75739,-84.35391,"",07/30/12,74.92.194.145,0,"dnh003r753"
617,8,33.75312,-84.33324,"",08/02/12,50.10.104.248,0,"dnh00bw6jj"
618,8,33.68466,-84.11355,"",08/02/12,50.10.104.248,0,"djuptun7k5"
619,18,33.68467,-84.11348,"",08/02/12,50.10.104.248,0,"djuptun7mv"
620,18,33.68454,-84.11346,"",08/02/12,50.10.104.248,0,"djuptun6wm"
621,15,33.66753,-84.13859,"black walnut",08/02/12,50.10.104.248,0,"djupt2upsf"
622,20,33.66767,-84.13864,"",08/02/12,50.10.104.248,0,"djupt3h07s"
623,19,33.741751,-84.383583,"giant tree in empty lot",08/06/12,66.87.108.224,0,"djgzzy3zbn20"
624,17,33.74211,-84.384295,"two trees overhanging sidewalk. ripe in early Aug 2012",08/06/12,66.87.108.224,0,"djgzzy94p3jn"
625,8,37.38127,-122.02591,"Notes",08/10/12,99.92.89.6,0,"9q9hxjp3wj"
626,26,33.87968,-84.45288,"Many potential trees along onramp. Unconfirmed.",08/14/12,98.219.8.211,0,"dn5bwpx73q"
627,13,33.79515,-84.40769,"Notes",08/16/12,70.193.129.77,0,"dn5br20pn2"
628,20,33.88665,-84.22495,"Native persimmon overhanging the sidewalk ",08/22/12,66.87.111.48,0,"dnh0g2vk03"
631,2,42.39136,21.73575,"Dardhat",09/20/12,80.218.14.13,0,"srx3nt57xd"
633,3,33.73124,-84.3566,"",09/25/12,50.13.220.67,0,"djupbkt6sy"
634,19,33.73135,-84.35201,"",09/25/12,50.13.220.67,0,"djupbs8ere"
635,19,33.73142,-84.35201,"",09/28/12,50.13.220.67,0,"djupbs8ez8"
637,15,-82.14574,42.29291,"very fruitful mango tree",10/28/12,50.13.220.67,0,"hcqhdmuf2h"
638,2,-72.25645,95.37266,"mango tree",10/28/12,50.13.220.67,0,"n55ufq078j"
639,2,33.78642,-84.30204,"123",11/05/12,200.54.96.2,0,"dnh01wthhj"
640,2,33.78514,-84.29912,"123",11/05/12,200.54.96.2,0,"dnh01wrk8n"
641,21,33.73101,-84.35504,"",11/07/12,50.13.220.67,0,"djupbkw93h"
642,21,33.73108,-84.35474,"",11/07/12,50.13.220.67,0,"djupbkwcb1"
643,20,33.94457,-84.33191,"Dunwoody Library",11/07/12,99.101.70.81,0,"dnh10grmkn"
644,20,33.93602,-84.15473,"Native persimmon",11/17/12,98.219.8.211,0,"dnh1j1b7ss"
645,6,33.82894,-84.09408,"uiu",11/19/12,180.151.37.83,0,"dnh0qqkecg"
646,2,33.754584,-84.32792,"",11/25/12,66.87.109.102,0,"dnh010f69n92"
647,2,33.754552,-84.327919,"",11/25/12,66.87.109.102,0,"dnh010f690d1"
648,8,33.75458,-84.327986,"",11/25/12,66.87.109.102,0,"dnh010f4xtb0"
649,9,33.74732,-84.3744,"",12/09/12,50.13.220.67,0,"djupbp82mu"
650,15,-81.12039,-115.66406,"large fruitful mango tree ",12/09/12,50.13.220.67,0,"13tf802p2p"
651,9,33.72798,-84.35565,"full patch",12/16/12,50.13.220.67,0,"djupb7ypdz"
652,9,33.72809,-84.35509,"full patch",12/16/12,50.13.220.67,0,"djupbkn2rg"
653,9,33.72798,-84.35474,"full patch",12/16/12,50.13.220.67,0,"djupb7yz8p"
654,15,33.72919,-84.35955,"oregon grape root",12/16/12,50.13.220.67,0,"djupbk5qb0"
655,8,33.74046,-84.33958,"empty lot fig!",01/13/13,72.152.101.105,0,"djupby3b3m"
656,18,33.618794,-84.393011,"rumors of large pear trees around here (from Doghead Randy)",01/28/13,66.87.111.176,0,"djgzr84gsm6j"
657,2,33.77507,-84.44127,"Notes",01/30/13,23.31.134.113,0,"dn5bnkxdpc"
658,2,33.77513,-84.44125,"Notes",01/30/13,23.31.134.113,0,"dn5bnkxf2k"
659,3,33.77516,-84.44108,"Notes",01/30/13,23.31.134.113,0,"dn5bnkxfs4"
660,3,33.77514,-84.44098,"Notes",01/30/13,23.31.134.113,0,"dn5bnkxfqw"
661,3,33.77494,-84.44089,"Notes",01/30/13,23.31.134.113,0,"dn5bns8129"
662,4,33.7751,-84.44118,"Notes",01/30/13,23.31.134.113,0,"dn5bnkxf1y"
663,17,33.77501,-84.4404,"Notes",01/30/13,23.31.134.113,0,"dn5bns83sn"
664,17,33.77511,-84.44045,"Notes",01/30/13,23.31.134.113,0,"dn5bns866b"
665,17,33.77511,-84.44029,"Notes",01/30/13,23.31.134.113,0,"dn5bns86q8"
666,18,33.77483,-84.44049,"Notes",01/30/13,23.31.134.113,0,"dn5bns829u"
667,18,33.77484,-84.4407,"Notes",01/30/13,23.31.134.113,0,"dn5bns80tn"
668,25,33.77512,-84.44088,"Notes",01/30/13,23.31.134.113,0,"dn5bns842f"
669,15,33.77505,-84.44102,"Grove Park Community Garden",01/30/13,23.31.134.113,0,"dn5bnkxcvt"
670,26,33.74389,-84.33994,"planted 2013 -- Added by ",02/10/13,50.10.104.248,0,"djupbycs2v"
671,26,33.74394,-84.33994,"planted 2013 -- Added by ",02/10/13,50.10.104.248,0,"djupbycs8y"
672,26,33.74398,-84.33994,"planted 2013 -- Added by ",02/10/13,50.10.104.248,0,"djupbycsbv"
673,26,33.74401,-84.33994,"planted 2013 -- Added by ",02/10/13,50.10.104.248,0,"djupbyct0g"
674,26,33.74406,-84.33994,"planted 2013 -- Added by ",02/10/13,50.10.104.248,0,"djupbyct2u"
675,26,33.74406,-84.33998,"planted 2013 -- Added by ",02/10/13,50.10.104.248,0,"djupbyct2h"
676,26,33.74407,-84.34003,"planted 2013 -- Added by ",02/10/13,50.10.104.248,0,"djupbycmqy"
677,26,33.74408,-84.34009,"planted 2013 -- Added by ",02/10/13,50.10.104.248,0,"djupbycmt2"
679,26,33.74408,-84.34019,"planted 2013 -- Added by ",02/10/13,50.10.104.248,0,"djupbycme0"
680,26,33.74415,-84.33845,"planted 2013 -- Added by ",02/10/13,50.10.104.248,0,"djupbyftgt"
681,26,33.74415,-84.33852,"planted 2013 -- Added by ",02/10/13,50.10.104.248,0,"djupbyftfj"
682,26,33.74415,-84.33859,"planted 2013 -- Added by ",02/10/13,50.10.104.248,0,"djupbyftbm"
683,26,33.74399,-84.33827,"planted 2013 -- Added by ",02/10/13,50.10.104.248,0,"djupbyfszz"
684,26,33.74392,-84.33827,"planted 2013 -- Added by ",02/10/13,50.10.104.248,0,"djupbyfsxf"
685,26,33.74385,-84.33827,"planted 2013 -- Added by ",02/10/13,50.10.104.248,0,"djupbyfspv"
686,3,33.74379,-84.3398,"planted 2011 -- Added by ",02/10/13,50.10.104.248,0,"djupbyceu4"
691,22,33.74354,-84.33996,"few years old, kinda beat up next to street, nice spring buds -- Added by Robby",02/20/13,50.10.104.248,0,"djupbycd27"
692,22,33.74358,-84.33996,"few years old, kinda beat up next to street, nice spring buds -- Added by Robby",02/20/13,50.10.104.248,0,"djupbycd87"
693,22,33.74362,-84.33996,"few years old, kinda beat up next to street, nice spring buds -- Added by Robby",02/20/13,50.10.104.248,0,"djupbycdb6"
694,15,33.73994,-84.34477,"Pineapple guav -- Added by alfi 2012",03/10/13,50.10.104.248,0,"djupbwnj2k"
695,15,33.74607,-84.33109,"Crim High Orchard -- Added by alfi 2012",03/10/13,50.10.104.248,0,"djupbzrcp5"
696,15,33.75137,-84.35497,"Lang Carson Orchard -- Added by alfi 2012",03/10/13,50.10.104.248,0,"dnh002nxfx"
697,15,33.7305,-84.43495,"Outdoor Activity Center Orchard -- Added by alfi 2012",03/10/13,50.10.104.248,0,"djgzyskq7h"
698,15,33.76835,-84.27988,"Global Growers Orchard -- Added by alfi 2012",03/10/13,50.10.104.248,0,"dnh045m6bk"
699,15,33.73338,-84.40429,"Welch St Park Orchard -- Added by alfi 2012",03/10/13,50.10.104.248,0,"djgzzkfxjm"
700,18,33.8421,-84.51777,"some gigantic pear tree near here -- Added by ",03/10/13,98.219.8.211,0,"dn5bsbb090"
701,26,33.75088,-84.3737,"new 2013 -- Added by robby",03/10/13,24.99.252.65,0,"dnh0000vnk"
702,26,33.75103,-84.37374,"new 2013 -- Added by robby",03/10/13,24.99.252.65,0,"dnh0000yj2"
703,26,33.75124,-84.37379,"new 2013 -- Added by robby",03/10/13,24.99.252.65,0,"dnh0000zhp"
704,26,33.75144,-84.37385,"new 2013 -- Added by robby",03/10/13,24.99.252.65,0,"dnh0002b6u"
705,26,33.75079,-84.37367,"new 2013 -- Added by robby",03/10/13,24.99.252.65,0,"dnh0000uwg"
706,15,33.73882,-84.34403,"pineapple guav-2013 -- Added by robby",03/10/13,24.99.252.65,0,"djupbtywce"
707,15,33.73883,-84.34398,"pineapple guav-2013 -- Added by robby",03/10/13,24.99.252.65,0,"djupbtywfv"
708,15,33.73886,-84.34394,"pineapple guav-2013 -- Added by robby",03/10/13,24.99.252.65,0,"djupbtyx5g"
709,2,33.73855,-84.34466,"planted 2012, early season -- Added by robby",03/10/13,24.99.252.65,0,"djupbtyj6c"
710,2,33.73857,-84.34461,"planted 2012, early season -- Added by robby",03/10/13,24.99.252.65,0,"djupbtyjkj"
711,2,33.73859,-84.34457,"planted 2012, early season -- Added by robby",03/10/13,24.99.252.65,0,"djupbtyjt1"
712,22,33.73855,-84.34457,"planted 2013 -- Added by robby",03/10/13,24.99.252.65,0,"djupbtyjm1"
713,22,33.73853,-84.34462,"planted 2013 -- Added by robby",03/10/13,24.99.252.65,0,"djupbtyj5v"
714,16,33.7388,-84.34458,"planted 2013 -- Added by robby",03/10/13,24.99.252.65,0,"djupbtynub"
715,16,33.73882,-84.34452,"planted 2013 -- Added by robby",03/10/13,24.99.252.65,0,"djupbtyny5"
716,11,33.73894,-84.34421,"planted 2013 -- Added by robby",03/10/13,24.99.252.65,0,"djupbtyrt6"
717,11,33.73897,-84.34414,"planted 2013 -- Added by robby",03/10/13,24.99.252.65,0,"djupbtyrxp"
718,21,33.7415,-84.34697,"planted 2013 -- Added by robby",03/12/13,50.10.104.248,0,"djupbwkqmp"
719,21,33.74149,-84.34701,"planted 2013 -- Added by robby",03/12/13,50.10.104.248,0,"djupbwkqkj"
720,22,33.74155,-84.34703,"planted 2013 -- Added by robby",03/12/13,50.10.104.248,0,"djupbwkqg8"
721,6,33.74173,-84.34719,"planted 2013 -- Added by robby",03/12/13,50.10.104.248,0,"djupbwkrb4"
722,6,33.74169,-84.34715,"planted 2013 -- Added by robby",03/12/13,50.10.104.248,0,"djupbwkr8f"
723,12,33.73966,-84.34409," -- Added by robby",03/12/13,50.10.104.248,0,"djupbwneb2"
724,12,33.80292,-84.34015,"across from the bus lot right beside Helen road -- Added by mariettamcm@hotmail.com",03/21/13,157.166.175.129,0,"dnh02c9kk1"
725,15,33.74394,-84.33602,"DeKalb Memorial Park Orchard -- Added by Robby 2012",03/21/13,24.99.252.65,0,"djupbyuksq"
726,15,33.74433,-84.32954,"DeKalb Memorial Park Orchard -- Added by Robby 2012",03/21/13,24.99.252.65,0,"djupcncngr"
727,21,33.74279,-84.32938,"DeKalb Memorial Park Orchard -- Added by Robby 2012",03/21/13,24.99.252.65,0,"djupcn9jzp"
728,21,33.74283,-84.32939,"DeKalb Memorial Park Orchard -- Added by Robby 2012",03/21/13,24.99.252.65,0,"djupcn9nnz"
729,21,33.74287,-84.3294,"DeKalb Memorial Park Orchard -- Added by Robby 2012",03/21/13,24.99.252.65,0,"djupcn9nqw"
730,21,33.7429,-84.32941,"DeKalb Memorial Park Orchard -- Added by Robby 2012",03/21/13,24.99.252.65,0,"djupcn9nwk"
731,21,33.74288,-84.32938,"DeKalb Memorial Park Orchard -- Added by Robby 2012",03/21/13,24.99.252.65,0,"djupcn9nx0"
732,21,33.74285,-84.32937,"DeKalb Memorial Park Orchard -- Added by Robby 2012",03/21/13,24.99.252.65,0,"djupcn9nr7"
733,18,33.7429,-84.32935,"DeKalb Memorial Park Orchard -- Added by Robby 2012",03/21/13,24.99.252.65,0,"djupcn9nxs"
734,18,33.74285,-84.32934,"DeKalb Memorial Park Orchard -- Added by Robby 2012",03/21/13,24.99.252.65,0,"djupcn9nrg"
735,18,33.74281,-84.32934,"DeKalb Memorial Park Orchard -- Added by Robby 2012",03/21/13,24.99.252.65,0,"djupcn9npg"
736,18,33.74295,-84.32937,"DeKalb Memorial Park Orchard -- Added by Robby 2012",03/21/13,24.99.252.65,0,"djupcn9nzm"
737,2,33.74292,-84.32943,"DeKalb Memorial Park Orchard -- Added by Robby 2012",03/21/13,24.99.252.65,0,"djupcn9nvb"
738,2,33.74289,-84.32943,"DeKalb Memorial Park Orchard -- Added by Robby 2012",03/21/13,24.99.252.65,0,"djupcn9ntf"
739,2,33.74285,-84.32943,"DeKalb Memorial Park Orchard -- Added by Robby 2012",03/21/13,24.99.252.65,0,"djupcn9nmg"
740,2,33.74283,-84.32941,"DeKalb Memorial Park Orchard -- Added by Robby 2012",03/21/13,24.99.252.65,0,"djupcn9nnr"
741,2,33.7428,-84.32943,"DeKalb Memorial Park Orchard -- Added by Robby 2012",03/21/13,24.99.252.65,0,"djupcn9njc"
742,8,33.74274,-84.32939,"DeKalb Memorial Park Orchard -- Added by Robby 2012",03/21/13,24.99.252.65,0,"djupcn9jwy"
743,16,33.74276,-84.32935,"DeKalb Memorial Park Orchard -- Added by Robby 2012",03/21/13,24.99.252.65,0,"djupcn9jzd"
749,26,33.77402,-84.39348,"Appears to be a few years old -- Added by craig",04/09/13,99.110.186.93,0,"dn5bps6ecm"
750,26,33.77402,-84.39352,"Appears to be a few years old -- Added by craig",04/09/13,99.110.186.93,0,"dn5bps6ebm"
751,26,33.77404,-84.39357,"Appears to be a few years old -- Added by craig",04/09/13,99.110.186.93,0,"dn5bps6kp3"
752,26,33.7741,-84.39363,"Appears to be a few years old -- Added by craig",04/09/13,99.110.186.93,0,"dn5bps6kmu"
753,26,33.77414,-84.39364,"Appears to be a few years old -- Added by craig",04/09/13,99.110.186.93,0,"dn5bps6kts"
754,26,33.77417,-84.39365,"Appears to be a few years old -- Added by craig",04/09/13,99.110.186.93,0,"dn5bps6kv3"
755,26,33.77419,-84.39366,"Appears to be a few years old -- Added by craig",04/09/13,99.110.186.93,0,"dn5bps6kvj"
756,26,33.77421,-84.39366,"Appears to be a few years old -- Added by craig",04/09/13,99.110.186.93,0,"dn5bps6mj1"
757,26,33.77424,-84.39366,"Appears to be a few years old -- Added by craig",04/09/13,99.110.186.93,0,"dn5bps6mjn"
758,26,33.77427,-84.39367,"Appears to be a few years old -- Added by craig",04/09/13,99.110.186.93,0,"dn5bps6mku"
759,26,33.7743,-84.39367,"Appears to be a few years old -- Added by craig",04/09/13,99.110.186.93,0,"dn5bps6msc"
760,26,33.77432,-84.39368,"Appears to be a few years old -- Added by craig",04/09/13,99.110.186.93,0,"dn5bps6mst"
761,26,33.77411,-84.39359,"Appears to be a few years old -- Added by craig",04/09/13,99.110.186.93,0,"dn5bps6kqy"
762,26,33.77411,-84.39354,"Appears to be a few years old -- Added by craig",04/09/13,99.110.186.93,0,"dn5bps6kry"
763,26,33.77415,-84.39355,"Appears to be a few years old -- Added by craig",04/09/13,99.110.186.93,0,"dn5bps6kxv"
764,26,33.77415,-84.3936,"Appears to be a few years old -- Added by craig",04/09/13,99.110.186.93,0,"dn5bps6kwt"
765,26,33.77419,-84.39355,"Appears to be a few years old -- Added by craig",04/09/13,99.110.186.93,0,"dn5bps6kzv"
766,26,33.7742,-84.39361,"Appears to be a few years old -- Added by craig",04/09/13,99.110.186.93,0,"dn5bps6kyr"
767,26,33.77423,-84.39357,"Appears to be a few years old -- Added by craig",04/09/13,99.110.186.93,0,"dn5bps6mpk"
768,26,33.77425,-84.39362,"Appears to be a few years old -- Added by craig",04/09/13,99.110.186.93,0,"dn5bps6mq0"
769,26,33.88843,-84.03481,"very large likely serviceberry. unknown fruit quality -- Added by craig",04/18/13,99.110.186.93,0,"dnh0z9pwrj"
770,26,33.88841,-84.03489,"very large likely serviceberry. unknown fruit quality -- Added by craig",04/18/13,99.110.186.93,0,"dnh0z9pwm1"
771,26,33.88844,-84.03495,"very large likely serviceberry. unknown fruit quality -- Added by craig",04/18/13,99.110.186.93,0,"dnh0z9pw7x"
772,26,33.88842,-84.03526,"very large likely serviceberry. unknown fruit quality -- Added by craig",04/18/13,99.110.186.93,0,"dnh0z9pqke"
773,26,33.88841,-84.0352,"very large likely serviceberry. unknown fruit quality -- Added by craig",04/18/13,99.110.186.93,0,"dnh0z9pqmc"
774,26,33.88833,-84.03516,"very large likely serviceberry. unknown fruit quality -- Added by craig",04/18/13,99.110.186.93,0,"dnh0z9pmyf"
775,26,33.8883,-84.03519,"very large likely serviceberry. unknown fruit quality -- Added by craig",04/18/13,99.110.186.93,0,"dnh0z9pmwh"
776,26,33.88824,-84.03517,"very large likely serviceberry. unknown fruit quality -- Added by craig",04/18/13,99.110.186.93,0,"dnh0z9pmq9"
777,26,33.88825,-84.03527,"very large likely serviceberry. unknown fruit quality -- Added by craig",04/18/13,99.110.186.93,0,"dnh0z9pmk7"
778,26,33.88822,-84.03523,"very large likely serviceberry. unknown fruit quality -- Added by craig",04/18/13,99.110.186.93,0,"dnh0z9pmjn"
779,26,33.88817,-84.0372,"very large likely serviceberry. unknown fruit quality -- Added by craig",04/18/13,99.110.186.93,0,"dnh0z9juzk"
780,26,33.88817,-84.03726,"very large likely serviceberry. unknown fruit quality -- Added by craig",04/18/13,99.110.186.93,0,"dnh0z9juvu"
781,26,33.88812,-84.03717,"very large likely serviceberry. unknown fruit quality -- Added by craig",04/18/13,99.110.186.93,0,"dnh0z9nh85"
782,26,33.88813,-84.03723,"very large likely serviceberry. unknown fruit quality -- Added by craig",04/18/13,99.110.186.93,0,"dnh0z9juwt"
783,26,33.88813,-84.03727,"very large likely serviceberry. unknown fruit quality -- Added by craig",04/18/13,99.110.186.93,0,"dnh0z9jutt"
784,26,33.88808,-84.03709,"very large likely serviceberry. unknown fruit quality -- Added by craig",04/18/13,99.110.186.93,0,"dnh0z9nh3g"
785,26,33.88808,-84.03716,"very large likely serviceberry. unknown fruit quality -- Added by craig",04/18/13,99.110.186.93,0,"dnh0z9nh25"
786,26,33.88808,-84.03722,"very large likely serviceberry. unknown fruit quality -- Added by craig",04/18/13,99.110.186.93,0,"dnh0z9juqg"
787,26,33.8881,-84.03728,"very large likely serviceberry. unknown fruit quality -- Added by craig",04/18/13,99.110.186.93,0,"dnh0z9jumr"
788,26,33.88804,-84.0373,"very large likely serviceberry. unknown fruit quality -- Added by craig",04/18/13,99.110.186.93,0,"dnh0z9juhu"
789,26,33.88804,-84.03723,"very large likely serviceberry. unknown fruit quality -- Added by craig",04/18/13,99.110.186.93,0,"dnh0z9juns"
790,26,33.88803,-84.03716,"very large likely serviceberry. unknown fruit quality -- Added by craig",04/18/13,99.110.186.93,0,"dnh0z9nh04"
791,26,33.88803,-84.03709,"very large likely serviceberry. unknown fruit quality -- Added by craig",04/18/13,99.110.186.93,0,"dnh0z9nh1f"
792,26,33.88801,-84.03703,"very large likely serviceberry. unknown fruit quality -- Added by craig",04/18/13,99.110.186.93,0,"dnh0z9n5gq"
793,26,33.888,-84.0373,"very large likely serviceberry. unknown fruit quality -- Added by craig",04/18/13,99.110.186.93,0,"dnh0z9jg"
794,26,33.888,-84.03722,"very large likely serviceberry. unknown fruit quality -- Added by craig",04/18/13,99.110.186.93,0,"dnh0z9jgyv"
795,26,33.88798,-84.03716,"very large likely serviceberry. unknown fruit quality -- Added by craig",04/18/13,99.110.186.93,0,"dnh0z9n5b1"
796,26,33.88798,-84.03708,"very large likely serviceberry. unknown fruit quality -- Added by craig",04/18/13,99.110.186.93,0,"dnh0z9n5f1"
797,26,33.88795,-84.03703,"very large likely serviceberry. unknown fruit quality -- Added by craig",04/18/13,99.110.186.93,0,"dnh0z9n5e7"
798,26,33.88797,-84.03726,"very large likely serviceberry. unknown fruit quality -- Added by craig",04/18/13,99.110.186.93,0,"dnh0z9jgtz"
799,26,33.88795,-84.0373,"very large likely serviceberry. unknown fruit quality -- Added by craig",04/18/13,99.110.186.93,0,"dnh0z9jgsg"
800,26,33.88795,-84.0372,"very large likely serviceberry. unknown fruit quality -- Added by craig",04/18/13,99.110.186.93,0,"dnh0z9jgx7"
801,26,33.88794,-84.03714,"very large likely serviceberry. unknown fruit quality -- Added by craig",04/18/13,99.110.186.93,0,"dnh0z9n589"
802,26,33.88792,-84.03709,"very large likely serviceberry. unknown fruit quality -- Added by craig",04/18/13,99.110.186.93,0,"dnh0z9n53y"
803,26,33.88788,-84.03703,"very large likely serviceberry. unknown fruit quality -- Added by craig",04/18/13,99.110.186.93,0,"dnh0z9n55q"
804,26,33.8879,-84.0373,"very large likely serviceberry. unknown fruit quality -- Added by craig",04/18/13,99.110.186.93,0,"dnh0z9jg"
805,26,33.88792,-84.03724,"very large likely serviceberry. unknown fruit quality -- Added by craig",04/18/13,99.110.186.93,0,"dnh0z9jgqq"
806,26,33.8879,-84.03719,"very large likely serviceberry. unknown fruit quality -- Added by craig",04/18/13,99.110.186.93,0,"dnh0z9jgrd"
807,26,33.88786,-84.03712,"very large likely serviceberry. unknown fruit quality -- Added by craig",04/18/13,99.110.186.93,0,"dnh0z9n514"
808,26,33.88783,-84.03706,"very large likely serviceberry. unknown fruit quality -- Added by craig",04/18/13,99.110.186.93,0,"dnh0z9n4ft"
809,26,33.88778,-84.03712,"very large likely serviceberry. unknown fruit quality -- Added by craig",04/18/13,99.110.186.93,0,"dnh0z9n49h"
810,26,33.88786,-84.03728,"very large likely serviceberry. unknown fruit quality -- Added by craig",04/18/13,99.110.186.93,0,"dnh0z9jgj6"
811,26,33.88786,-84.03722,"very large likely serviceberry. unknown fruit quality -- Added by craig",04/18/13,99.110.186.93,0,"dnh0z9jgnf"
812,26,33.88784,-84.03716,"very large likely serviceberry. unknown fruit quality -- Added by craig",04/18/13,99.110.186.93,0,"dnh0z9n4bp"
813,26,33.88776,-84.03717,"very large likely serviceberry. unknown fruit quality -- Added by craig",04/18/13,99.110.186.93,0,"dnh0z9n480"
814,26,33.8878,-84.0372,"very large likely serviceberry. unknown fruit quality -- Added by craig",04/18/13,99.110.186.93,0,"dnh0z9jf"
815,26,33.88782,-84.03724,"very large likely serviceberry. unknown fruit quality -- Added by craig",04/18/13,99.110.186.93,0,"dnh0z9jfy7"
816,12,33.75048,-84.31478,"Don\'t remember exactly where, but there\'s a mulberry tree on the south side of Hosea Williams, near the creek. I think it\'s public. -- Added by ",04/20/13,24.99.197.127,0,"dnh0125fg1"
817,2,33.961736,-84.175601,"possibly several apples along this frontage -- Added by ",04/22/13,66.87.107.109,0,"dnh1hw91qq6w"
818,12,33.8073,-84.40095," -- Added by ",04/30/13,184.77.18.251,0,"dn5br6mjg3"
819,17,33.74459,-84.33544," -- Added by Kyle Booth",04/30/13,50.13.220.67,0,"djupbzhb3z"
820,12,33.75211,-84.3571,"Large in size. Mature and fruit bearing. -- Added by ",04/30/13,184.77.18.251,0,"dnh002mh31"
821,12,33.75162,-84.35703,"Large in size. Mature and fruit bearing. -- Added by ",04/30/13,184.77.18.251,0,"dnh002m16t"
822,26,33.788503,-84.326262," -- Added by ",05/06/13,66.87.107.237,0,"dnh01p52r9mx"
823,26,33.87953,-84.45269,"On the right side of the on-ramp -- Added by craig",05/12/13,50.10.64.130,0,"dn5bwpx6td"
824,26,33.87951,-84.45269,"On the right side of the on-ramp -- Added by craig",05/12/13,50.10.64.130,0,"dn5bwpx6mw"
825,26,33.87952,-84.45266,"On the right side of the on-ramp -- Added by craig",05/12/13,50.10.64.130,0,"dn5bwpx6w2"
826,26,33.8795,-84.45266,"On the right side of the on-ramp -- Added by craig",05/12/13,50.10.64.130,0,"dn5bwpx6qk"
827,26,33.8795,-84.45263,"On the right side of the on-ramp -- Added by craig",05/12/13,50.10.64.130,0,"dn5bwpx6rh"
828,26,33.87948,-84.45264,"On the right side of the on-ramp -- Added by craig",05/12/13,50.10.64.130,0,"dn5bwpx6qb"
829,26,33.87948,-84.45262,"On the right side of the on-ramp -- Added by craig",05/12/13,50.10.64.130,0,"dn5bwpx6r2"
830,26,33.87946,-84.45262,"On the right side of the on-ramp -- Added by craig",05/12/13,50.10.64.130,0,"dn5bwpx6pm"
831,26,33.87947,-84.45258,"On the right side of the on-ramp -- Added by craig",05/12/13,50.10.64.130,0,"dn5bwpxd0q"
832,26,33.87946,-84.4526,"On the right side of the on-ramp -- Added by craig",05/12/13,50.10.64.130,0,"dn5bwpx6pv"
833,26,33.87945,-84.45257,"On the right side of the on-ramp -- Added by craig",05/12/13,50.10.64.130,0,"dn5bwpxd07"
834,26,33.87944,-84.45258,"On the right side of the on-ramp -- Added by craig",05/12/13,50.10.64.130,0,"dn5bwpxd03"
835,26,33.87944,-84.45255,"On the right side of the on-ramp -- Added by craig",05/12/13,50.10.64.130,0,"dn5bwpxd0c"
836,26,33.87942,-84.45256,"On the right side of the on-ramp -- Added by craig",05/12/13,50.10.64.130,0,"dn5bwpx9bt"
837,26,33.87942,-84.45254,"On the right side of the on-ramp -- Added by craig",05/12/13,50.10.64.130,0,"dn5bwpx9cj"
838,26,33.8794,-84.45255,"On the right side of the on-ramp -- Added by craig",05/12/13,50.10.64.130,0,"dn5bwpx9bc"
839,26,33.8794,-84.45252,"On the right side of the on-ramp -- Added by craig",05/12/13,50.10.64.130,0,"dn5bwpx9c9"
840,26,33.87913,-84.45225,"On the right side of the on-ramp -- Added by craig",05/12/13,50.10.64.130,0,"dn5bwpx8pz"
841,26,33.87911,-84.45225,"On the right side of the on-ramp -- Added by craig",05/12/13,50.10.64.130,0,"dn5bwpx8pg"
842,26,33.87912,-84.45221,"On the right side of the on-ramp -- Added by craig",05/12/13,50.10.64.130,0,"dn5bwpxb0v"
843,26,33.87909,-84.45222,"On the right side of the on-ramp -- Added by craig",05/12/13,50.10.64.130,0,"dn5bwpxb08"
844,26,33.87908,-84.45219,"On the right side of the on-ramp -- Added by craig",05/12/13,50.10.64.130,0,"dn5bwprzcq"
845,26,33.87906,-84.4522,"On the right side of the on-ramp -- Added by craig",05/12/13,50.10.64.130,0,"dn5bwprzc4"
846,26,33.87906,-84.45216,"On the right side of the on-ramp -- Added by craig",05/12/13,50.10.64.130,0,"dn5bwprzf4"
847,26,33.87904,-84.45218,"On the right side of the on-ramp -- Added by craig",05/12/13,50.10.64.130,0,"dn5bwprz9w"
848,26,33.87905,-84.45214,"On the right side of the on-ramp -- Added by craig",05/12/13,50.10.64.130,0,"dn5bwprzf8"
849,26,33.87902,-84.45215,"On the right side of the on-ramp -- Added by craig",05/12/13,50.10.64.130,0,"dn5bwprzd7"
850,26,33.87903,-84.45211,"On the right side of the on-ramp -- Added by craig",05/12/13,50.10.64.130,0,"dn5bwprzeh"
851,26,33.879,-84.45213,"On the right side of the on-ramp -- Added by craig",05/12/13,50.10.64.130,0,"dn5bwprz6x"
852,26,33.879,-84.45209,"On the right side of the on-ramp -- Added by craig",05/12/13,50.10.64.130,0,"dn5bwprz7x"
853,26,33.87899,-84.4521,"On the right side of the on-ramp -- Added by craig",05/12/13,50.10.64.130,0,"dn5bwprz7m"
854,26,33.87899,-84.45207,"On the right side of the on-ramp -- Added by craig",05/12/13,50.10.64.130,0,"dn5bwprzkj"
855,26,33.87898,-84.45208,"On the right side of the on-ramp -- Added by craig",05/12/13,50.10.64.130,0,"dn5bwprz7g"
856,26,33.87897,-84.45205,"On the right side of the on-ramp -- Added by craig",05/12/13,50.10.64.130,0,"dn5bwprzk9"
857,26,33.764292,-84.322778," -- Added by ",05/19/13,76.111.61.195,0,"dnh014w52b5x"
858,26,33.775544,-84.400324," -- Added by ",05/19/13,66.87.108.77,0,"dn5bpktscctp"
859,26,33.773158,-84.396275," -- Added by ",05/19/13,66.87.106.180,0,"dn5bps0wbkbn"
860,26,33.773156,-84.396261," -- Added by ",05/19/13,66.87.106.180,0,"dn5bps0wbsdd"
861,26,33.773139,-84.396267," -- Added by ",05/19/13,66.87.106.180,0,"dn5bps0wb3qj"
862,26,33.773145,-84.396256," -- Added by ",05/19/13,66.87.106.180,0,"dn5bps0wbdw3"
863,26,33.775821,-84.392825," -- Added by ",05/19/13,66.87.108.197,0,"dn5bpsen2tks"
864,26,33.775824,-84.392848," -- Added by ",05/19/13,66.87.108.197,0,"dn5bpsen2jgw"
865,26,33.775819,-84.392813," -- Added by ",05/19/13,66.87.108.197,0,"dn5bpsen2vj8"
866,26,33.77703,-84.39725," -- Added by craig",05/19/13,76.111.61.195,0,"dn5bpkzv3w"
867,26,33.77703,-84.39723," -- Added by craig",05/19/13,76.111.61.195,0,"dn5bpkzv6n"
868,26,33.77703,-84.39721," -- Added by craig",05/19/13,76.111.61.195,0,"dn5bpkzv6q"
869,26,33.77695,-84.39716," -- Added by craig",05/19/13,76.111.61.195,0,"dn5bpkzugx"
870,26,33.77695,-84.3972," -- Added by craig",05/19/13,76.111.61.195,0,"dn5bpkzufx"
871,26,33.77694,-84.39718," -- Added by craig",05/19/13,76.111.61.195,0,"dn5bpkzugj"
872,26,33.77694,-84.39714," -- Added by craig",05/19/13,76.111.61.195,0,"dn5bpkzuuj"
873,26,33.77777,-84.40025," -- Added by craig",05/19/13,76.111.61.195,0,"dn5bpmj9g8"
876,26,33.76958,-84.35064,"Big and big berries in 2013 -- Added by Craig",05/25/13,76.111.61.195,0,"dnh00e9dp9"
877,26,33.74706,-84.36679,"Look to have been planted in 2013 -- Added by Craig",05/25/13,76.111.61.195,0,"djupbpmyz7"
878,26,33.74702,-84.36679,"Look to have been planted in 2013 -- Added by Craig",05/25/13,76.111.61.195,0,"djupbpmyxk"
879,26,33.74698,-84.36679,"Look to have been planted in 2013 -- Added by Craig",05/25/13,76.111.61.195,0,"djupbpmyrm"
880,26,33.74694,-84.36679,"Look to have been planted in 2013 -- Added by Craig",05/25/13,76.111.61.195,0,"djupbpmypm"
881,26,33.74691,-84.36679,"Look to have been planted in 2013 -- Added by Craig",05/25/13,76.111.61.195,0,"djupbpmvzr"
882,26,33.74688,-84.36679,"Look to have been planted in 2013 -- Added by Craig",05/25/13,76.111.61.195,0,"djupbpmvz6"
883,26,33.74796,-84.36676,"Look to have been planted in 2013 -- Added by Craig",05/25/13,76.111.61.195,0,"djupbpwh05"
884,26,33.74793,-84.36676,"Look to have been planted in 2013 -- Added by Craig",05/25/13,76.111.61.195,0,"djupbpw5bn"
885,26,33.74791,-84.36676,"Look to have been planted in 2013 -- Added by Craig",05/25/13,76.111.61.195,0,"djupbpw5b4"
886,26,33.74788,-84.36676,"Look to have been planted in 2013 -- Added by Craig",05/25/13,76.111.61.195,0,"djupbpw58h"
887,26,33.74784,-84.36676,"Look to have been planted in 2013 -- Added by Craig",05/25/13,76.111.61.195,0,"djupbpw52j"
888,26,33.74782,-84.36676,"Look to have been planted in 2013 -- Added by Craig",05/25/13,76.111.61.195,0,"djupbpw521"
889,26,33.74779,-84.36676,"Look to have been planted in 2013 -- Added by Craig",05/25/13,76.111.61.195,0,"djupbpw50h"
890,26,33.74777,-84.36676,"Look to have been planted in 2013 -- Added by Craig",05/25/13,76.111.61.195,0,"djupbpw500"
892,26,33.88669,-84.30765,"Plenty in 2013 -- Added by Craig",05/30/13,76.111.61.195,0,"dnh0c8ch32"
893,17,33.74913,-84.3286," -- Added by ",06/01/13,97.82.186.140,0,"djupcpcfcj"
894,3,33.74929,-84.3289," -- Added by ",06/01/13,97.82.186.140,0,"djupcpcef5"
895,4,33.74911,-84.32861," -- Added by ",06/01/13,97.82.186.140,0,"djupcpcfbf"
896,4,33.74931,-84.32879," -- Added by ",06/01/13,97.82.186.140,0,"djupcpceuz"
897,22,33.7491,-84.32859," -- Added by ",06/01/13,97.82.186.140,0,"djupcpcfc2"
898,12,33.74917,-84.32828," -- Added by ",06/01/13,97.82.186.140,0,"djupcpf50t"
899,21,33.74917,-84.32865," -- Added by ",06/01/13,97.82.186.140,0,"djupcpcg0j"
900,25,33.74931,-84.32888," -- Added by ",06/01/13,97.82.186.140,0,"djupcpcefx"
901,26,33.768742,-84.334112," -- Added by ",06/02/13,66.87.104.118,0,"dnh00gmv0vb2"
902,26,33.768725,-84.334111," -- Added by ",06/02/13,66.87.104.118,0,"dnh00gmv0f94"
903,26,33.768695,-84.334112," -- Added by ",06/02/13,66.87.104.118,0,"dnh00gmubv02"
904,12,33.74086,-84.34453," -- Added by ",06/03/13,50.10.73.34,0,"djupbwq4y0"
905,10,33.74057,-84.34443," -- Added by ",06/03/13,50.10.73.34,0,"djupbwq306"
906,26,33.76486,-84.26612,"Found in 2013. Short but big -- Added by craig",06/21/13,76.111.61.195,0,"dnh046xq94"
907,26,33.76486,-84.26606,"Found in 2013. Short but big -- Added by craig",06/21/13,76.111.61.195,0,"dnh046xqd6"
908,26,33.76486,-84.266,"Found in 2013. Short but big -- Added by craig",06/21/13,76.111.61.195,0,"dnh046xqef"
909,26,33.79885,-84.39377,"Smallish tree on right side of road near intersection -- Added by ",06/25/13,76.111.61.195,0,"dn5br8fkdd"
910,15,33.77838,-84.3529,"Rosemary -- Added by Free rosemary bushes right in front of Diesel bar and a few steps away in front of Ace Hardware",06/27/13,192.136.16.3,0,"dnh00t0j6f"
911,2,33.76225,-84.32709,"295 Matthews. In right of way -- Added by Steven@WoodysCheeseStesks.com",06/29/13,208.54.64.160,0,"dnh0144zk7"
912,17,33.7546,-84.38804,"2 -- Added by hadi@peachdish.com",07/04/13,108.86.108.244,0,"dn5bp8ydb1"
913,8,33.8246,-84.38102,"2 -- Added by hadi@peachdish.com",07/04/13,108.86.108.244,0,"dn5brveded"
914,17,33.78492,-84.36455,"2 -- Added by hadi@peachdish.com",07/04/13,108.86.108.244,0,"dnh00nre7t"
934,26,33.771488,-84.391136," -- Added by ",07/22/13,76.111.61.195,0,"dn5bpeum0j8h"
935,26,33.771469,-84.391147," -- Added by ",07/22/13,76.111.61.195,0,"dn5bpeujpdpg"
936,26,33.771474,-84.391123," -- Added by ",07/22/13,76.111.61.195,0,"dn5bpeum071c"
937,26,33.792116,-84.368417,"small little guy -- Added by ",07/23/13,66.87.109.148,0,"dnh00psv36ux"
938,26,33.790644,-84.368104,"large tree -- Added by ",07/23/13,66.87.109.148,0,"dnh00pmhb8w4"
939,26,33.790631,-84.368213,"full size -- Added by ",07/23/13,66.87.109.148,0,"dnh00pkuwnhv"
940,26,33.790607,-84.368263,"full size -- Added by ",07/23/13,66.87.109.148,0,"dnh00pkuscxq"
941,26,33.79058,-84.368301,"full size -- Added by ",07/23/13,66.87.109.148,0,"dnh00pkukhej"
942,26,33.790559,-84.368335,"full size -- Added by ",07/23/13,66.87.109.148,0,"dnh00pku729z"
943,26,33.790466,-84.368402,"full size -- Added by ",07/23/13,66.87.109.148,0,"dnh00pkg9xrv"
944,26,33.792794,-84.072004," -- Added by ",07/23/13,66.87.109.148,0,"dnh0nzu9k36h"
945,8,33.758129,-84.363603," -- Added by ",07/25/13,66.87.111.37,0,"dnh0032r3e65"
946,17,33.758173,-84.363739,"maybe? -- Added by ",07/25/13,66.87.111.37,0,"dnh0032pw7sc"
948,3,33.67256,-84.43628,"  looks like a ton of blackberries -- Added by ",08/21/13,70.193.138.66,0,"djgzw9gkuh"
949,9,33.759024,-84.331555,"in front of 200 Arizona -- Added by ",09/17/13,66.87.148.243,0,"dnh00cxss64y"
950,26,33.769508,-84.34842,"large tree. found Oct 2013 -- Added by ",09/29/13,66.87.111.181,0,"dnh00ee3eke3"
951,19,33.769275,-84.348195,"smaller tree. found Oct 2013 -- Added by ",09/29/13,66.87.111.181,0,"dnh00ee82957"
952,12,33.765,-84.33664," -- Added by ",12/13/13,173.160.92.10,0,"dnh00fezmu"
953,26,33.76498,-84.3395,"Planted in 2014. 5' tall. -- Added by Craig",05/13/14,50.167.165.164,0,"dnh00f9z70"
954,26,33.76587,-84.33949,"Planted in 2014. 5' tall. -- Added by Craig",05/13/14,50.167.165.164,0,"dnh00fcu7q"
955,26,33.7654,-84.3395,"Planted in 2014. 5' tall. -- Added by Craig",05/13/14,50.167.165.164,0,"dnh00fcc"
956,26,33.76565,-84.33948,"Planted in 2014. 5' tall. -- Added by Craig",05/13/14,50.167.165.164,0,"dnh00fcg5t"
957,26,33.76575,-84.33948,"Planted in 2014. 5' tall. -- Added by Craig",05/13/14,50.167.165.164,0,"dnh00fcgg8"
958,26,33.76584,-84.33948,"Planted in 2014. 5' tall. -- Added by Craig",05/13/14,50.167.165.164,0,"dnh00fcu78"
959,26,33.76558,-84.33948,"Planted in 2014. 5' tall. -- Added by Craig",05/13/14,50.167.165.164,0,"dnh00fcfg8"
960,26,33.76551,-84.33949,"Planted in 2014. 5' tall. -- Added by Craig",05/13/14,50.167.165.164,0,"dnh00fcf77"
961,26,33.76532,-84.3395,"Planted in 2014. 5' tall. -- Added by Craig",05/13/14,50.167.165.164,0,"dnh00fcc5p"
962,26,33.76523,-84.33949,"Planted in 2014. 5' tall. -- Added by Craig",05/13/14,50.167.165.164,0,"dnh00fcber"
963,26,33.76515,-84.33949,"Planted in 2014. 5' tall. -- Added by Craig",05/13/14,50.167.165.164,0,"dnh00fcb72"
964,26,33.76508,-84.3395,"Planted in 2014. 5' tall. -- Added by Craig",05/13/14,50.167.165.164,0,"dnh00f9zg5"
965,26,33.76791,-84.3654,"Large but hard to get to -- Added by Craig",05/13/14,50.167.165.164,0,"dnh005qbrd"
966,26,33.76841,-84.36528,"Spindly and small, but early fruiting -- Added by Craig",05/13/14,50.167.165.164,0,"dnh005r54r"
967,26,33.76843,-84.36528,"Spindly and small, but early fruiting -- Added by Craig",05/13/14,50.167.165.164,0,"dnh005r567"
968,26,33.76854,-84.3653,"Spindly and small, but early fruiting -- Added by Craig",05/13/14,50.167.165.164,0,"dnh005rh40"
969,26,33.76864,-84.36521,"Spindly and small, but early fruiting -- Added by Craig",05/13/14,50.167.165.164,0,"dnh005rhs4"
970,26,33.76865,-84.36524,"Spindly and small, but early fruiting -- Added by Craig",05/13/14,50.167.165.164,0,"dnh005rhek"
971,26,33.76556,-84.36431,"Spindly and small, but early fruiting -- Added by Craig",05/13/14,50.167.165.164,0,"dnh004zf9h"
972,26,33.76557,-84.36432,"Spindly and small, but early fruiting -- Added by Craig",05/13/14,50.167.165.164,0,"dnh004zf8y"
973,26,33.75898,-84.39257,"Large trees that fruit a week before anything else -- Added by Craig",05/13/14,50.167.165.164,0,"dn5bp9ehq9"
974,26,33.75898,-84.39268,"Large trees that fruit a week before anything else -- Added by Craig",05/13/14,50.167.165.164,0,"dn5bp9ehk1"
975,26,33.75926,-84.39228,"Large trees that fruit a week before anything else -- Added by Craig",05/13/14,50.167.165.164,0,"dn5bp9emvq"
976,26,33.75924,-84.39227,"Large trees that fruit a week before anything else -- Added by Craig",05/13/14,50.167.165.164,0,"dn5bp9emvd"
977,26,33.75922,-84.39227,"Large trees that fruit a week before anything else -- Added by Craig",05/13/14,50.167.165.164,0,"dn5bp9emtw"
978,26,33.75934,-84.39231,"Large trees that fruit a week before anything else -- Added by Craig",05/13/14,50.167.165.164,0,"dn5bp9eqkt"
979,26,33.75937,-84.39228,"Large trees that fruit a week before anything else -- Added by Craig",05/13/14,50.167.165.164,0,"dn5bp9eqt6"
980,26,33.99938,-85.05195,"Large tree -- Added by Craig",05/13/14,50.167.165.164,0,"dn592t7h9z"
981,26,33.9994,-85.05191,"Large tree -- Added by Craig",05/13/14,50.167.165.164,0,"dn592t7hfg"
982,26,34.0009,-85.05341,"Large tree -- Added by Craig",05/13/14,50.167.165.164,0,"dn592t9vxg"
983,26,34.00101,-85.0535,"Large tree -- Added by Craig",05/13/14,50.167.165.164,0,"dn592t9yjz"
984,26,34.00649,-85.05756,"A few more around here... -- Added by Craig",05/13/14,50.167.165.164,0,"dn592qwypj"
985,26,34.00651,-85.0577,"A few more around here... -- Added by Craig",05/13/14,50.167.165.164,0,"dn592qwy7b"
986,12,33.79374,-84.27625,"Mulberry overhangs sidewalk -- Added by stacie.boschma@gmail.com",05/20/14,38.110.37.248,0,"dnh04pzyv1"
987,7,33.79372,-84.27635,"Elder is mixed into the foliage along the embankment -- Added by stacie.boschma@gmail.com",05/20/14,38.110.37.248,0,"dnh04pzydt"
988,12,33.78586,-84.388," -- Added by ",05/23/14,167.121.4.36,0,"dn5bpww8ch"
989,12,33.78566,-84.38312," -- Added by ",05/23/14,167.121.4.35,0,"dn5bpy6pdz"
990,12,33.78161,-84.38244," -- Added by ",05/23/14,167.121.4.35,0,"dn5bpvf84s"
991,12,33.77616,-84.38134," -- Added by ",05/23/14,167.121.4.35,0,"dn5bpug2kk"
992,12,33.78603,-84.37072,"Down the Beltline trail a short ways - several trees on the lefthand side of the trail. -- Added by Grant McFerrin - gjmcferrin@gmail.com",05/27/14,66.249.88.12,0,"dnh00ne1gs"
993,12,33.78644,-84.38605,"White mulberries - corner of the parking lot -- Added by ",05/27/14,66.249.88.12,0,"dn5bpwxuq8"
994,25,33.77274,-84.2611,"Bushes growing along the fence at Avondale Elementary. -- Added by Jenn Purdy 404-964-1319",05/29/14,71.204.84.134,0,"dnh04s4uqp"
995,26,33.76408,-84.34354," -- Added by ",06/02/14,70.193.139.63,0,"dnh00dwfj0"
996,12,33.8037,-84.42145,"On the left hand side of the road as you head NW -- Added by ",06/05/14,204.77.244.242,0,"dn5bqcy0vd"
997,12,33.80484,-84.42274,"On the right hand side of the road as you head NW -- Added by ",06/05/14,204.77.244.242,0,"dn5bqcvprw"
998,12,33.76144,-84.27297," -- Added by jbaker232@gmail.com",06/09/14,76.97.69.190,0,"dnh046469k"
999,12,33.75766,-84.3656," -- Added by webbeh@gmail.com",06/14/14,24.99.57.248,0,"dnh001que5"
1000,20,33.769559,-84.347075,"native -- Added by ",06/15/14,66.87.148.79,0,"dnh00es3fwn3"
1001,12,33.75121,-84.36541," -- Added by ",06/18/14,70.43.136.194,0,"dnh000nzp3"
1002,12,33.75084,-84.36762," -- Added by ",06/18/14,70.43.136.194,0,"dnh000jkgu"
1003,12,33.80761,-84.40172,"10+ mature trees -- Added by kenan.crawford.hill@gmail.com",07/18/14,50.203.252.110,0,"dn5br6kx97"
1004,18,33.76602,-84.368,"Huge! -- Added by Craig",08/06/14,24.99.63.68,0,"dnh004vj74"
1012,2,33.74385,-84.33931,"",02/17/11,98.88.255.85,1,"djupbycupt"
1013,5,33.74383,-84.33929,"",02/17/11,98.88.255.85,1,"djupbyfh01"
1014,16,33.74378,-84.3393,"",02/17/11,98.88.255.85,1,"djupbycgzb"
1015,4,33.74382,-84.33928,"",02/17/11,98.88.255.85,1,"djupbyf5br"
1016,15,33.7438,-84.33926,"Raspberries",02/17/11,98.88.255.85,1,"djupbyf5bu"
1017,24,33.74395,-84.33929,"",02/17/11,98.88.255.85,1,"djupbyfhb0"
1018,8,33.74398,-84.33931,"dwarf fig",02/17/11,98.88.255.85,1,"djupbycuzt"
1019,16,33.74086,-84.33147,"",02/17/11,98.88.255.85,1,"djupbyrdy2"
1020,2,33.7375,-84.34715,"",02/17/11,72.152.9.253,1,"djupbtsr0v"
1021,15,33.7314,-84.37343,"herbs",02/17/11,98.92.19.243,1,"djupbh95ss"
1022,26,33.75249,-84.35917,"princess diana",02/18/11,98.92.19.243,1,"dnh0027w8b"
1023,26,33.75249,-84.35923,"princess diana",02/18/11,98.92.19.243,1,"dnh0027qx2"
1024,2,33.75043,-84.3583,"",04/04/11,98.92.19.98,1,"dnh002h4t0"
1025,2,33.75053,-84.35832,"",04/04/11,98.92.19.98,1,"dnh002h5hd"
1026,26,33.75248,-84.35924,"Princess Dianna",04/04/11,98.92.19.98,1,"dnh0027qrn"
1027,26,33.7525,-84.35943,"Princess Dianna",04/04/11,98.92.19.98,1,"dnh0027qdf"
1028,17,33.7637,-84.3116,"",04/27/11,98.219.8.57,1,"dnh016qp"
1029,4,33.73863,-84.34462,"",04/29/11,98.92.20.58,1,"djupbtyjgb"
1030,8,33.77115,-84.35757,"",05/08/11,98.219.8.57,1,"dnh007uenn"
1031,8,33.75915,-84.31085,"",05/08/11,98.219.8.57,1,"dnh013wtqc"
1032,15,33.76792,-84.34718,"Loquat, ripe in Mid May",05/13/11,98.219.8.57,1,"dnh00ek22k"
1033,12,33.76272,-84.31963,"",05/15/11,98.92.227.148,1,"dnh0162645"
1034,13,33.75615,-84.31564,"",05/15/11,98.92.227.148,1,"dnh01355z4"
1035,15,33.77534,-84.32916,"Black Walnut",05/15/11,98.92.227.148,1,"dnh01h97s5"
1036,23,33.76079,-84.31095,"owner gladly lets you pick the fruit in late summer/early fall",05/15/11,98.92.227.148,1,"dnh013ywu7"
1037,18,33.75249,-84.33922,"",05/18/11,98.219.8.57,1,"dnh00b6n98"
1038,17,33.75091,-84.35189,"",05/18/11,98.219.8.57,1,"dnh0080v69"
1039,5,33.75025,-84.36291,"Maybe?",05/20/11,98.219.8.57,1,"dnh0020c3w"
1040,17,33.75022,-84.36025,"",05/20/11,98.219.8.57,1,"dnh00249r9"
1041,13,33.75008,-84.35928,"",05/20/11,98.219.8.57,1,"dnh00252qq"
1042,15,33.74879,-84.34218,"Loquat",05/20/11,98.219.8.57,1,"djupbxzbuy"
1043,15,33.74873,-84.34218,"Loquat",05/20/11,98.219.8.57,1,"djupbxzbsg"
1044,15,33.76327,-84.33229,"Loquat",05/30/11,98.219.8.57,1,"dnh00frj71"
1045,8,33.81596,-84.31565,"small",05/30/11,127.0.0.1,1,"dnh03k50nz"
1046,8,33.82102,-84.3214,"2 good sized fig trees",05/30/11,127.0.0.1,1,"dnh03hzj8z"
1047,5,33.81879,-84.32079,"black cherries at the intersection",05/30/11,127.0.0.1,1,"dnh03hx2xp"
1048,3,33.82371,-84.32923,"by the side of the park entrance, not many of them.",05/30/11,127.0.0.1,1,"dnh03j3m6s"
1049,5,33.80983,-84.35183,"very tall and fruitful black cherry tree",05/30/11,127.0.0.1,1,"dnh02dbuec"
1050,8,33.80149,-84.34917,"Mis-sized fig",05/30/11,127.0.0.1,1,"dnh0296gcy"
1051,17,33.79589,-84.3476,"small, but fruiting tree",05/30/11,127.0.0.1,1,"dnh0287gq6"
1052,8,33.80162,-84.34432,"fair sized fig",05/30/11,127.0.0.1,1,"dnh029qkdy"
1053,22,33.79366,-84.34745,"in the backyard",05/30/11,127.0.0.1,1,"dnh00xun3f"
1054,10,33.79418,-84.3528,"2 female ginkos",05/30/11,127.0.0.1,1,"dnh02801m7"
1055,8,33.79541,-84.35473,"i think a large backyard fig behind 1490",05/30/11,127.0.0.1,1,"dnh022qb83"
1056,17,33.79558,-84.36344,"big, weird peach tree. maybe having trouble due to vines?",05/30/11,127.0.0.1,1,"dnh02223t2"
1057,17,33.82126,-84.3196,"mid sized, by 1728",05/30/11,127.0.0.1,1,"dnh03kbr4g"
1058,8,33.81094,-84.28683,"possibly an enormous fig tree behind 2467",05/30/11,127.0.0.1,1,"dnh06505n8"
1059,10,33.81508,-84.28289,"huge, huge lady ginko at 1233",05/30/11,127.0.0.1,1,"dnh065g547"
1060,8,33.81648,-84.27899,"3 figs at 1246",05/30/11,127.0.0.1,1,"dnh06hjgm0"
1061,8,33.81648,-84.27899,"3 figs at 1246",05/30/11,127.0.0.1,1,"dnh06hjgm0"
1062,17,33.79715,-84.35002,"",06/01/11,98.219.8.57,1,"dnh028d4wj"
1063,19,33.75008,-84.35981,"Elliot Pecan according to Janna",06/01/11,98.219.8.57,1,"dnh002503y"
1064,17,33.74872,-84.36562,"Peaches at 214 according to Janna",06/01/11,98.219.8.57,1,"djupbpybd9"
1065,17,33.75004,-84.36602,"Peaches at 167 according to Janna",06/01/11,98.219.8.57,1,"dnh000n81p"
1066,17,33.75527,-84.35244,"",06/03/11,98.219.8.57,1,"dnh008bqtw"
1067,17,33.74961,-84.36327,"At 182 estoria according to Janna",06/03/11,98.219.8.57,1,"djupbrbt9r"
1068,8,33.74977,-84.36326,"At 186 estoria according to Janna",06/03/11,98.219.8.57,1,"djupbrbw9t"
1069,2,33.76439,-84.35413,"",06/05/11,98.219.8.57,1,"dnh006x5y6"
1070,17,33.75757,-84.31857,"",06/05/11,98.219.8.57,1,"dnh0133h4g"
1071,23,33.76078,-84.31095,"private property, but owner happily allows pear picking with permission.",06/20/11,74.2.230.250,1,"dnh013ywu3"
1072,4,33.83349,-84.15322,"Private home in back yard ",06/29/11,166.137.14.6,1,"dnh0mp1qrg"
1073,8,33.75602,-84.30379,"Biggest fig tree ever! I\'ll stop by soon! -Gibby",06/29/11,166.137.14.6,1,"dnh0195g56"
1074,8,33.733,-84.36214,"Baby fig at the end of the street",07/28/11,174.252.137.105,1,"djupbkckgw"
1075,2,33.75031,-84.36135,"Somewhere near here",07/29/11,98.219.8.57,1,"dnh0021cy1"
1076,21,33.87936,-84.27948,"maybe ",08/12/11,66.87.105.135,1,"dnh0dpt99f"
1077,22,33.58304,-84.5094,"",08/15/11,67.103.46.138,1,"djgzhcw5kk"
1078,8,33.75494,-84.33024,"3 biggies between the houses",08/16/11,174.252.167.146,1,"dnh010bsfb"
1079,8,33.86235,-84.26418,"verified",08/18/11,98.219.8.57,1,"dnh0ds2wqr"
1080,8,33.86235,-84.26409,"verified",08/18/11,98.219.8.57,1,"dnh0ds2y2r"
1081,22,33.86229,-84.26396,"verified",08/18/11,98.219.8.57,1,"dnh0ds2y5k"
1082,22,33.8623,-84.26387,"verified",08/18/11,98.219.8.57,1,"dnh0ds2yjw"
1083,2,34.17476,-84.16729,"Belong to RIck Daniel - Rld6369@bellsouth.net, 770-294-7798",08/18/11,98.219.8.57,1,"dnh4ktr4rv"
1084,18,34.17474,-84.16744,"3 trees. Belong to RIck Daniel - Rld6369@bellsouth.net, 770-294-7798",08/18/11,98.219.8.57,1,"dnh4ktr4k3"
1085,8,34.17468,-84.16733,"Belong to RIck Daniel - Rld6369@bellsouth.net, 770-294-7798",08/18/11,98.219.8.57,1,"dnh4ktr1zn"
1086,6,34.17477,-84.16709,"Belong to RIck Daniel - Rld6369@bellsouth.net, 770-294-7798",08/18/11,98.219.8.57,1,"dnh4ktr6kw"
1087,13,34.1747,-84.16759,"Belong to RIck Daniel - Rld6369@bellsouth.net, 770-294-7798",08/18/11,98.219.8.57,1,"dnh4ktr411"
1088,19,34.17472,-84.16709,"Belong to RIck Daniel - Rld6369@bellsouth.net, 770-294-7798",08/18/11,98.219.8.57,1,"dnh4ktr6ht"
1089,8,33.78024,-84.40094,"Notes",09/16/11,166.248.66.123,1,"dn5bpmt05t"
1090,22,33.87117,-84.25418,"verified",09/18/11,66.87.107.110,1,"dnh0dwpcz7"
1091,20,33.87108,-84.25417,"verified japanese",09/18/11,66.87.109.165,1,"dnh0dwpcrd"
1092,15,33.77411,-84.3151,"Chestnuts",09/30/11,24.30.98.161,1,"dnh01k7s7y"
1093,15,33.77424,-84.31493,"Chestnuts ",09/30/11,24.30.98.161,1,"dnh01k7tpw"
1094,22,33.76856,-84.33309,"ripe in late october 2011",11/06/11,98.219.8.57,1,"dnh00gqs0e"
1095,18,33.88039,-84.22143,"Super nice red pears",12/18/11,98.219.8.57,1,"dnh0erxzd6"
1096,22,33.79078,-84.29492,"",12/21/11,98.219.8.57,1,"dnh01z6m9c"
1097,2,33.82815,-84.2875,"2 young gala apples",12/26/11,66.87.108.255,1,"dnh03ypxqb"
1098,9,33.74418,-84.34008,"",01/26/12,98.92.18.75,1,"djupbycqje"
1099,15,33.74402,-84.33935,"Jujube",02/09/12,208.54.44.199,1,"djupbycvnt"
1100,8,33.67732,-84.12664,"",03/21/12,72.152.2.73,1,"djuptdube5"
1101,12,33.75277,-84.33018,"verified, large tree",04/05/12,66.87.110.11,1,"dnh01088hk"
1102,8,33.75444,-84.3305,"verified medium tree",04/05/12,66.87.110.11,1,"dnh010b3ug"
1103,8,33.75496,-84.3302,"verified gigantic tree!",04/05/12,66.87.110.11,1,"dnh010bsgu"
1104,8,33.74266,-84.36644,"good size tree",04/18/12,166.248.107.205,1,"djupbnwjpr"
1105,12,33.74209,-84.36548,"watery tasting. bland.",04/18/12,166.248.107.205,1,"djupbnwcvv"
1106,12,33.74157,-84.36465,"too high to taste.",04/18/12,166.248.107.205,1,"djupbnrwch"
1107,8,33.73657,-84.35588,"mid-sized",04/25/12,166.248.99.202,1,"djupbmtcv8"
1108,8,33.74253,-84.34057,"verified. very big",04/25/12,66.87.108.95,1,"djupby9h6r"
1109,8,33.73495,-84.35762,"backyard fig, good size",04/25/12,166.248.99.202,1,"djupbmk8kf"
1110,8,33.73349,-84.3613,"small to mid sized",04/25/12,166.248.99.202,1,"djupbkczz4"
1111,12,33.7418,-84.37178,"big",04/25/12,166.248.99.202,1,"djupbnd25p"
1112,18,33.74183,-84.37176,"tall, tall tree",04/25/12,166.248.99.202,1,"djupbnd27m"
1113,22,33.73895,-84.36963,"fair sized, lots of buds",04/25/12,166.248.99.202,1,"djupbjgzth"
1114,17,33.73898,-84.36967,"small",04/25/12,166.248.99.202,1,"djupbjgzu1"
1115,17,33.73725,-84.36528,"mid sized",04/26/12,166.248.99.202,1,"djupbjxjdr"
1116,2,33.76079,-84.35256,"Planted 2009. Owner uses them.",04/28/12,98.219.8.57,1,"dnh009bqfg"
1117,2,33.70685,-84.42155,"",05/13/12,98.219.8.57,1,"djgzybnhek"
1118,17,33.70684,-84.42162,"",05/13/12,98.219.8.57,1,"djgzybnh9d"
1119,17,33.70691,-84.42165,"",05/13/12,98.219.8.57,1,"djgzybnhbz"
1120,2,33.74348,-84.34535,"",05/16/12,98.219.8.57,1,"djupbwvd4b"
1121,17,33.74327,-84.34599,"might be next door",05/16/12,98.219.8.57,1,"djupbwv0gc"
1122,20,33.83429,-84.28182,"large persimmon somewhere near here",05/24/12,98.219.8.57,1,"dnh06p7g52"
1123,17,33.75405,-84.3627,"Steve Ab\'s recon. Don\'t know if public or private.",06/27/12,24.126.245.85,1,"dnh0028zwd"
1124,2,33.90989,-84.19137,"",07/14/12,24.126.245.221,1,"dnh0ujjeqv"
1125,8,33.90039,-84.44262,"residential",07/18/12,166.248.96.249,1,"dn5by7qu06"
1126,18,33.90027,-84.44257,"residential",07/18/12,166.248.96.249,1,"dn5by7qg3s"
1127,8,33.804918,-84.347957,"Small fig next to the road",07/21/12,66.87.109.9,1,"dnh029gxyjkw"
1128,19,33.76122,-84.36178,"This tree (planted some where down below)comes up at the level  of elevated N. Highland and fruit falls on the sidewalk",07/30/12,74.92.194.145,1,"dnh00619k5"
1129,19,33.76091,-84.35886,"Another huge pecan tree (could lie in carpenters at large\'s lot)",07/30/12,74.92.194.145,1,"dnh003gz81"
1130,2,33.81452,-84.29809,"Notes",07/31/12,75.94.204.144,1,"dnh03g8pb5"
1131,2,33.85973,-84.20774,"several small trees near roadway",08/10/12,66.87.104.95,1,"dnh0egcz1r"
1132,18,33.85817,-84.1637,"verified ripe late aug 2012",08/28/12,98.219.8.211,1,"dnh0sg9y5s"
1133,8,33.81771,-84.32619,"",09/06/12,98.219.8.211,1,"dnh03h7d3q"
1134,20,33.80794,-84.09018,"tiny Asians, but loaded",09/06/12,70.193.128.246,1,"dnh0q6x3sb"
1135,20,33.80769,-84.08997,"pretty big tree by the street",09/06/12,70.193.128.246,1,"dnh0q6x81d"
1136,18,33.74307,-84.33514,"back yard tree. very tall",09/14/12,70.193.130.40,1,"djupbytp8u"
1137,20,33.75354,-84.31601,"tall tree, good looking fruit, but maybe too high to pick",09/14/12,70.193.130.40,1,"dnh012duwe"
1138,18,33.75363,-84.31606,"strange tree held up by Crosses",09/14/12,70.193.130.40,1,"dnh012dvjk"
1139,20,33.88739,-84.24731,"Asian",09/18/12,98.219.8.211,1,"dnh0fchbr7"
1140,12,33.73062,-84.35718,"",09/25/12,50.13.220.67,1,"djupbkkzp5"
1141,21,33.73106,-84.35451,"",09/25/12,50.13.220.67,1,"djupbkwctm"
1142,12,33.73059,-84.35718,"",09/28/12,50.13.220.67,1,"djupbkkyzj"
1143,15,33.650022,-84.448129,"something appeared very full here in late sept 2012. apples? pears?",09/28/12,66.87.105.107,1,"djgzqmf9xfxp"
1144,12,33.73047,-84.35724,"",09/29/12,50.13.220.67,1,"djupbkkyjz"
1145,15,33.73047,-84.35732,"",09/29/12,50.13.220.67,1,"djupbkky5z"
1146,15,33.7377,-84.37335,"",09/29/12,50.13.220.67,1,"djupbjc0q7"
1147,8,33.75687,-84.35549,"",10/16/12,130.199.3.165,1,"dnh003q0n8"
1148,10,39.8363,-122.45573,"",10/28/12,50.13.220.67,1,"9r0ft7yrq8"
1149,8,38.33555,-120.69791,"",10/28/12,50.13.220.67,1,"9qf4j6y2yb"
1150,15,-77.61555,103.01131,"very fruitful mango tree",10/28/12,50.13.220.67,1,"n61q2nd89k"
1151,21,33.73098,-84.35457,"",11/07/12,50.13.220.67,1,"djupbkwchn"
1152,18,33.94137,-84.21249,"Picked 10/12/12 -- late. Owner says they use some, but didn\'t mind",11/17/12,98.219.8.211,1,"dnh15dy6fc"
1153,15,33.91749,-84.35541,"Pears, figs, muscadines -- see email from Lili",11/24/12,98.219.8.211,1,"dnh0bqqr8q"
1154,23,33.758903,-84.324672,"",11/25/12,66.87.109.102,1,"dnh011seuexk"
1155,23,33.754518,-84.325804,"",11/25/12,66.87.109.102,1,"dnh010gf665n"
1156,9,33.73627,-84.35647,"big, in 949\'s backyard",12/23/12,70.193.131.13,1,"djupbmt2pb"
1157,20,33.819644,-84.329912,"large Asian persimmon around here (from Stuart)",01/28/13,66.87.111.176,1,"dnh03h8vdws4"
1158,18,33.74402,-84.33881,"good fruit, pruned -- Added by ",02/10/13,50.10.104.248,1,"djupbyfm5m"
1159,18,33.74412,-84.33881,"planted 2011 -- Added by ",02/10/13,50.10.104.248,1,"djupbyfmer"
1160,26,33.74005,-84.3403,"planted 2013 -- Added by ",02/10/13,50.10.104.248,1,"djupby1q09"
1161,26,33.74005,-84.34037,"planted 2013 -- Added by ",02/10/13,50.10.104.248,1,"djupby1nnc"
1162,12,33.7759,-84.35999," -- Added by paige.enfinger@gmail.com",06/18/13,75.147.199.185,1,"dnh00kdyvu"
1163,12,33.77478,-84.35858," -- Added by paige.enfinger@gmail.com",06/18/13,75.147.199.185,1,"dnh00kebqe"
1164,18,33.77081,-84.33174,"Big pear in yard of 607 Hardendorf -- Added by ",06/29/13,76.111.61.195,1,"dnh00gz90p"
1165,9,33.902292,-84.302525,"across from playground -- Added by ",07/17/13,66.87.104.123,1,"dnh0cesz0v33"
1166,2,33.77624,-84.35877,"mid-sized tree, minimal production -- Added by ",07/19/13,70.193.129.94,1,"dnh00kgbf5"
1167,20,33.79038,-84.42068,"Mature tree on edge of fenced wooded lot, just outside fence. Tree can be seen alongside public road. -- Added by omniscate@gmail.com",07/23/13,72.145.176.89,1,"dn5bnzqepx"
1168,2,33.73228,-84.33799,"huge tree, huge house. -- Added by ",07/24/13,70.193.129.94,1,"djupbufby2"
1169,17,33.74188,-84.35422," big tree, producing a lot -- Added by ",08/06/13,70.193.135.78,1,"djupbqx0sn"
1170,2,34.24169,-84.3992,"Aub says there\'s biggie apples here -- Added by craig",08/07/13,76.111.61.195,1,"dn5fz3w2k1"
1171,2,34.23514,-84.37405,"Aub says there\'s biggie apples here -- Added by craig",08/07/13,76.111.61.195,1,"dnh4b02dnh"
1172,2,34.22888,-84.36286,"Aub says huge apples here -- Added by craig",08/07/13,76.111.61.195,1,"dnh48r0vdv"
1173,2,34.23034,-84.368,"Aub says theres apples here -- Added by craig",08/07/13,76.111.61.195,1,"dnh48pmn5j"
1174,2,34.24107,-84.40894,"Aub says theres apples here -- Added by craig",08/07/13,76.111.61.195,1,"dn5fz1rk9n"
1175,2,34.24072,-84.42549,"Aub says theres apples here -- Added by craig",08/07/13,76.111.61.195,1,"dn5fyc74xk"
1176,2,33.68261,-84.44419,"mid sized, decent amount of fruit -- Added by ",08/08/13,70.193.135.78,1,"djgzw7tx7v"
1177,2,33.68308,-84.45103,"1914. mid sized. -- Added by ",08/08/13,70.193.135.78,1,"djgzw7bdhm"
1178,18,33.69221,-84.44988,"2 big backyard trees. heavy with fruit -- Added by ",08/08/13,70.193.134.248,1,"djgzwm3rr5"
1179,2,33.916066,-84.111285,"ripe in early Aug 2013 -- Added by ",08/08/13,66.87.108.19,1,"dnh0yn0p3hbn"
1180,2,33.68923,-84.45255,"Tall backyard tree, not the healthiest looking. Maybe half an IKEA bag worth of fruit -- Added by ",08/09/13,98.219.8.154,1,"djgzwhztbz"
1181,8,33.68442,-84.45463,"Big, beautiful backyard fig -- Added by ",08/09/13,98.219.8.154,1,"djgzwhn1br"
1182,8,33.68703,-84.45159,"Good looking fig -- Added by ",08/09/13,98.219.8.154,1,"djgzwk81pm"
1183,2,33.76714,-84.28548,"Apple here Aug 13, according to Mimi\'s friend -- Added by ",08/11/13,76.111.61.195,1,"dnh04515vg"
1184,24,33.785059,-84.337261,"in back of 1122 mailbox -- Added by ",08/11/13,66.87.106.131,1,"dnh00y7kprkp"
1185,2,33.78426,-84.13391,"Belong to chris.s.parker1@gmail.com -- 770-543-8226, 770-414-5964. Ripe very early! And many other trees -- Added by Craig",08/14/13,76.111.61.195,1,"dnh0jqpx9f"
1186,17,33.66684,-84.43782," huge, productitree -- Added by ",08/21/13,70.193.138.66,1,"djgzw8f781"
1187,2,33.66068,-84.4361,"1439 hardin. most productive small tree I\'ve ever seen -- Added by ",08/21/13,70.193.138.66,1,"djgzqxex8m"
1188,18,33.6607,-84.43626," good, productive mid-sized tree -- Added by ",08/21/13,70.193.138.66,1,"djgzqxeru9"
1189,2,33.69152,-84.43643," small tree -- Added by ",08/21/13,70.193.138.66,1,"djgzwt772d"
1190,22,33.82416,-84.3403,"not yet big, but a few fruit -- Added by ",08/30/13,70.193.130.215,1,"dnh02v9208"
1191,13,33.72797,-84.35623," very productive -- Added by ",09/13/13,70.193.129.2,1,"djupb7vxtm"
1192,18,33.7287,-84.35436," baby pear tree -- Added by ",09/13/13,70.193.129.2,1,"djupbkp5bv"
1193,16,33.80239,-84.55722," -- Added by 3 yr seedling-collins select",11/23/13,24.98.61.4,1,"dn5b7ce31y"
1194,16,33.80237,-84.55722,"eastern seedling 4 yr old -- Added by ",11/23/13,24.98.61.4,1,"dn5b7ce31f"
1195,16,33.80239,-84.55722,"3 yr old eastern seedling -- Added by ",11/23/13,24.98.61.4,1,"dn5b7ce31y"
1196,16,33.80238,-84.55722,"4 yr old collins select -- Added by ",11/23/13,24.98.61.4,1,"dn5b7ce31u"
1197,14,33.80235,-84.55737,"6 yr old 9 ft -- Added by ",11/23/13,24.98.61.4,1,"dn5b7ce0yq"
1198,22,33.8023,-84.55723,"5 ft 4 yr old -- Added by ",11/23/13,24.98.61.4,1,"dn5b7ce29t"
1199,21,33.80215,-84.55742,"15 ft -- Added by ",11/23/13,24.98.61.4,1,"dn5b7c7pv3"
1200,17,33.80215,-84.55738,"10 ft  -- Added by ",11/23/13,24.98.61.4,1,"dn5b7c7py1"
1201,8,33.80199,-84.55698,"  -- Added by ",11/23/13,24.98.61.4,1,"dn5b7c7qze"
1202,8,33.80199,-84.55695,"  -- Added by ",11/23/13,24.98.61.4,1,"dn5b7c7wb7"
1203,8,33.802,-84.55691,"  -- Added by ",11/23/13,24.98.61.4,1,"dn5b7c7wcj"
1204,2,33.80215,-84.55734," small tree -- Added by ",11/23/13,24.98.61.4,1,"dn5b7c7pz1"
1205,18,33.80218,-84.55735,"15 ft -- Added by ",11/23/13,24.98.61.4,1,"dn5b7c7pyz"
1206,23,33.80243,-84.55724,"5 yr old -- Added by ",11/23/13,24.98.61.4,1,"dn5b7ce33t"
1207,15,33.80235,-84.55724,"6 yr old pindo palm butia capitata -- Added by ",11/23/13,24.98.61.4,1,"dn5b7ce2cw"
1208,20,33.75207,-84.28781," -- Added by ",12/04/13,24.30.40.19,1,"dnh01brkp9"
1209,18,33.77686,-84.3539,"Pretty large tree in front yard -- Added by Craig",05/15/14,24.99.63.68,1,"dnh00kzk7x"
1210,12,33.78108,-84.26437,"White Mulberry, hangs over a residential fence onto the street. -- Added by stacie.boschma@gmail.com",05/20/14,38.110.37.248,1,"dnh04t8t1c"
1211,12,33.79578,-84.40663," -- Added by Dougall YO",06/09/14,76.97.68.40,1,"dn5br22fwy"
1212,12,33.75567,-84.35119,"abandoned house on corner of Kensington and Hardee -- Added by ",06/15/14,24.99.60.96,1,"dnh009134b"
1213,10,33.77618,-84.29661," -- Added by ",07/08/14,104.5.36.179,1,"dnh01uc0d8"
1214,18,33.67217,-84.45674,"Unknown pear trees growing in abandoned apartment complex -- Added by Nathan Strange 404-909-0911",07/27/14,74.190.17.150,1,"djgzw1u6x7"
1215,18,33.67211,-84.45667,"Unknown pear trees with fruit growing in abandoned apartment complex -- Added by Nathan Strange 404-909-0911",07/27/14,74.190.17.150,1,"djgzw1ud2b"
1216,18,33.67201,-84.45664,"Unknown pear trees with fruit growing in abandoned apartment complex -- Added by Nathan Strange 404-909-0911",07/27/14,74.190.17.150,1,"djgzw1u99t"
1217,2,33.73912,-84.3668,"Rather large apple (crabapple, I think) tree that is in a backyard, overhangs to sidewalk -- Added by ",08/04/14,107.7.54.68,1,"djupbnjbx5"
1218,8,33.73907,-84.36678,"Huge fig tree that overhangs sidewalk, you can smell the figs up the block, owner lets them drop, right next to apple tree -- Added by ",08/04/14,107.7.54.68,1,"djupbnjbrd"
1219,2,33.73357,-84.36503,"Crabapple tree that owner ignores -- Added by ",08/04/14,107.7.54.68,1,"djupbjp223"
1220,3,33.73363,-84.36517,"Same yard as crabapple tree, vines grow right about the sidewalk -- Added by ",08/04/14,107.7.54.68,1,"djupbjp0th"
1221,20,33.78249,-84.33101," -- Added by ",08/29/14,71.56.78.212,1,"dnh01jbj30"
,,,,"",,,,""
